"Time","sda - Discards completed","sdb - Discards completed","sdc - Discards completed","sdd - Discards completed","sde - Discards completed","sda - Discards merged","sdb - Discards merged","sdc - Discards merged","sdd - Discards merged","sde - Discards merged","sda - Flush","sdb - Flush","sdc - Flush","sdd - Flush","sde - Flush"
2026-06-04 15:41:00,0 ops/s,0 ops/s,0 ops/s,0 ops/s,0 ops/s,0 ops/s,0 ops/s,0 ops/s,0 ops/s,0 ops/s,0 ops/s,0 ops/s,0 ops/s,10.5 ops/s,0 ops/s
2026-06-04 15:41:30,0 ops/s,0 ops/s,0 ops/s,0 ops/s,0 ops/s,0 ops/s,0 ops/s,0 ops/s,0 ops/s,0 ops/s,0 ops/s,0 ops/s,0 ops/s,9.42 ops/s,0 ops/s
2026-06-04 15:42:00,0 ops/s,0 ops/s,0 ops/s,0 ops/s,0 ops/s,0 ops/s,0 ops/s,0 ops/s,0 ops/s,0 ops/s,0 ops/s,0 ops/s,0 ops/s,10.2 ops/s,0 ops/s
2026-06-04 15:42:30,0 ops/s,0 ops/s,0 ops/s,0 ops/s,0 ops/s,0 ops/s,0 ops/s,0 ops/s,0 ops/s,0 ops/s,0 ops/s,0 ops/s,0 ops/s,5.07 ops/s,0 ops/s
2026-06-04 15:43:00,0 ops/s,0 ops/s,0 ops/s,0 ops/s,0 ops/s,0 ops/s,0 ops/s,0 ops/s,0 ops/s,0 ops/s,0 ops/s,0 ops/s,0 ops/s,5.67 ops/s,0 ops/s
2026-06-04 15:43:30,0 ops/s,0 ops/s,0 ops/s,0 ops/s,0 ops/s,0 ops/s,0 ops/s,0 ops/s,0 ops/s,0 ops/s,0 ops/s,0 ops/s,0 ops/s,5.27 ops/s,0 ops/s
2026-06-04 15:44:00,0 ops/s,0 ops/s,0 ops/s,0 ops/s,0 ops/s,0 ops/s,0 ops/s,0 ops/s,0 ops/s,0 ops/s,0 ops/s,0 ops/s,0 ops/s,5.28 ops/s,0 ops/s
2026-06-04 15:44:30,0 ops/s,0 ops/s,0 ops/s,0 ops/s,0 ops/s,0 ops/s,0 ops/s,0 ops/s,0 ops/s,0 ops/s,0 ops/s,0 ops/s,0 ops/s,4.88 ops/s,0 ops/s
2026-06-04 15:45:00,0 ops/s,0 ops/s,0 ops/s,0 ops/s,0 ops/s,0 ops/s,0 ops/s,0 ops/s,0 ops/s,0 ops/s,0 ops/s,0 ops/s,0 ops/s,4.94 ops/s,0 ops/s
2026-06-04 15:45:30,0 ops/s,0 ops/s,0 ops/s,0 ops/s,0 ops/s,0 ops/s,0 ops/s,0 ops/s,0 ops/s,0 ops/s,0 ops/s,0 ops/s,0 ops/s,4.93 ops/s,0 ops/s
2026-06-04 15:46:00,0 ops/s,0 ops/s,0 ops/s,0 ops/s,0 ops/s,0 ops/s,0 ops/s,0 ops/s,0 ops/s,0 ops/s,0 ops/s,0 ops/s,0 ops/s,5.41 ops/s,0 ops/s
2026-06-04 15:46:30,0 ops/s,0 ops/s,0 ops/s,0 ops/s,0 ops/s,0 ops/s,0 ops/s,0 ops/s,0 ops/s,0 ops/s,0 ops/s,0 ops/s,0 ops/s,6.87 ops/s,0 ops/s
2026-06-04 15:47:00,0 ops/s,0 ops/s,0 ops/s,0 ops/s,0 ops/s,0 ops/s,0 ops/s,0 ops/s,0 ops/s,0 ops/s,0 ops/s,0 ops/s,0 ops/s,6.87 ops/s,0 ops/s
2026-06-04 15:47:30,0 ops/s,0 ops/s,0 ops/s,0 ops/s,0 ops/s,0 ops/s,0 ops/s,0 ops/s,0 ops/s,0 ops/s,0 ops/s,0 ops/s,0 ops/s,6.34 ops/s,0 ops/s
2026-06-04 15:48:00,0 ops/s,0 ops/s,0 ops/s,0 ops/s,0 ops/s,0 ops/s,0 ops/s,0 ops/s,0 ops/s,0 ops/s,0 ops/s,0 ops/s,0 ops/s,4.78 ops/s,0 ops/s
2026-06-04 15:48:30,0 ops/s,0 ops/s,0 ops/s,0 ops/s,0 ops/s,0 ops/s,0 ops/s,0 ops/s,0 ops/s,0 ops/s,0 ops/s,0 ops/s,0 ops/s,4.80 ops/s,0 ops/s
2026-06-04 15:49:00,0 ops/s,0 ops/s,0 ops/s,0 ops/s,0 ops/s,0 ops/s,0 ops/s,0 ops/s,0 ops/s,0 ops/s,0 ops/s,0 ops/s,0 ops/s,4.82 ops/s,0 ops/s
2026-06-04 15:49:30,0 ops/s,0 ops/s,0 ops/s,0 ops/s,0 ops/s,0 ops/s,0 ops/s,0 ops/s,0 ops/s,0 ops/s,0 ops/s,0 ops/s,0 ops/s,4.88 ops/s,0 ops/s
2026-06-04 15:50:00,0 ops/s,0 ops/s,0 ops/s,0 ops/s,0 ops/s,0 ops/s,0 ops/s,0 ops/s,0 ops/s,0 ops/s,0 ops/s,0 ops/s,0 ops/s,5.06 ops/s,0 ops/s
2026-06-04 15:50:30,0 ops/s,0 ops/s,0 ops/s,0 ops/s,0 ops/s,0 ops/s,0 ops/s,0 ops/s,0 ops/s,0 ops/s,0 ops/s,0 ops/s,0 ops/s,5.18 ops/s,0 ops/s
2026-06-04 15:51:00,0 ops/s,0 ops/s,0 ops/s,0 ops/s,0 ops/s,0 ops/s,0 ops/s,0 ops/s,0 ops/s,0 ops/s,0 ops/s,0 ops/s,0 ops/s,5.38 ops/s,0 ops/s
2026-06-04 15:51:30,0 ops/s,0 ops/s,0 ops/s,0 ops/s,0 ops/s,0 ops/s,0 ops/s,0 ops/s,0 ops/s,0 ops/s,0 ops/s,0 ops/s,0 ops/s,5.64 ops/s,0 ops/s
2026-06-04 15:52:00,0 ops/s,0 ops/s,0 ops/s,0 ops/s,0 ops/s,0 ops/s,0 ops/s,0 ops/s,0 ops/s,0 ops/s,0 ops/s,0 ops/s,0 ops/s,5.52 ops/s,0 ops/s
2026-06-04 15:52:30,0 ops/s,0 ops/s,0 ops/s,0 ops/s,0 ops/s,0 ops/s,0 ops/s,0 ops/s,0 ops/s,0 ops/s,0 ops/s,0 ops/s,0 ops/s,5.32 ops/s,0 ops/s
2026-06-04 15:53:00,0 ops/s,0 ops/s,0 ops/s,0 ops/s,0 ops/s,0 ops/s,0 ops/s,0 ops/s,0 ops/s,0 ops/s,0 ops/s,0 ops/s,0 ops/s,4.87 ops/s,0 ops/s
2026-06-04 15:53:30,0 ops/s,0 ops/s,0 ops/s,0 ops/s,0 ops/s,0 ops/s,0 ops/s,0 ops/s,0 ops/s,0 ops/s,0 ops/s,0 ops/s,0 ops/s,4.86 ops/s,0 ops/s
2026-06-04 15:54:00,0 ops/s,0 ops/s,0 ops/s,0 ops/s,0 ops/s,0 ops/s,0 ops/s,0 ops/s,0 ops/s,0 ops/s,0 ops/s,0 ops/s,0 ops/s,4.88 ops/s,0 ops/s
2026-06-04 15:54:30,0 ops/s,0 ops/s,0 ops/s,0 ops/s,0 ops/s,0 ops/s,0 ops/s,0 ops/s,0 ops/s,0 ops/s,0 ops/s,0 ops/s,0 ops/s,4.87 ops/s,0 ops/s
2026-06-04 15:55:00,0 ops/s,0 ops/s,0 ops/s,0 ops/s,0 ops/s,0 ops/s,0 ops/s,0 ops/s,0 ops/s,0 ops/s,0 ops/s,0 ops/s,0 ops/s,5.06 ops/s,0 ops/s
2026-06-04 15:55:30,0 ops/s,0 ops/s,0 ops/s,0 ops/s,0 ops/s,0 ops/s,0 ops/s,0 ops/s,0 ops/s,0 ops/s,0 ops/s,0 ops/s,0 ops/s,4.96 ops/s,0 ops/s
2026-06-04 15:56:00,0 ops/s,0 ops/s,0 ops/s,0 ops/s,0 ops/s,0 ops/s,0 ops/s,0 ops/s,0 ops/s,0 ops/s,0 ops/s,0 ops/s,0 ops/s,4.99 ops/s,0 ops/s
2026-06-04 15:56:30,0 ops/s,0 ops/s,0 ops/s,0 ops/s,0 ops/s,0 ops/s,0 ops/s,0 ops/s,0 ops/s,0 ops/s,0 ops/s,0 ops/s,0 ops/s,4.79 ops/s,0 ops/s
2026-06-04 15:57:00,0 ops/s,0 ops/s,0 ops/s,0 ops/s,0 ops/s,0 ops/s,0 ops/s,0 ops/s,0 ops/s,0 ops/s,0 ops/s,0 ops/s,0 ops/s,4.86 ops/s,0 ops/s
2026-06-04 15:57:30,0 ops/s,0 ops/s,0 ops/s,0 ops/s,0 ops/s,0 ops/s,0 ops/s,0 ops/s,0 ops/s,0 ops/s,0 ops/s,0 ops/s,0 ops/s,4.83 ops/s,0 ops/s
2026-06-04 15:58:00,0 ops/s,0 ops/s,0 ops/s,0 ops/s,0 ops/s,0 ops/s,0 ops/s,0 ops/s,0 ops/s,0 ops/s,0 ops/s,0 ops/s,0 ops/s,4.81 ops/s,0 ops/s
2026-06-04 15:58:30,0 ops/s,0 ops/s,0 ops/s,0 ops/s,0 ops/s,0 ops/s,0 ops/s,0 ops/s,0 ops/s,0 ops/s,0 ops/s,0 ops/s,0 ops/s,4.81 ops/s,0 ops/s
2026-06-04 15:59:00,0 ops/s,0 ops/s,0 ops/s,0 ops/s,0 ops/s,0 ops/s,0 ops/s,0 ops/s,0 ops/s,0 ops/s,0 ops/s,0 ops/s,0 ops/s,4.74 ops/s,0 ops/s
2026-06-04 15:59:30,0 ops/s,0 ops/s,0 ops/s,0 ops/s,0 ops/s,0 ops/s,0 ops/s,0 ops/s,0 ops/s,0 ops/s,0 ops/s,0 ops/s,0 ops/s,4.41 ops/s,0 ops/s
2026-06-04 16:00:00,0 ops/s,0 ops/s,0 ops/s,0 ops/s,0 ops/s,0 ops/s,0 ops/s,0 ops/s,0 ops/s,0 ops/s,0 ops/s,0 ops/s,0 ops/s,4.38 ops/s,0 ops/s
2026-06-04 16:00:30,0 ops/s,0 ops/s,0 ops/s,0 ops/s,0 ops/s,0 ops/s,0 ops/s,0 ops/s,0 ops/s,0 ops/s,0 ops/s,0 ops/s,0 ops/s,4.78 ops/s,0 ops/s
2026-06-04 16:01:00,0 ops/s,0 ops/s,0 ops/s,0 ops/s,0 ops/s,0 ops/s,0 ops/s,0 ops/s,0 ops/s,0 ops/s,0 ops/s,0 ops/s,0 ops/s,5.21 ops/s,0 ops/s
2026-06-04 16:01:30,0 ops/s,0 ops/s,0 ops/s,0 ops/s,0 ops/s,0 ops/s,0 ops/s,0 ops/s,0 ops/s,0 ops/s,0 ops/s,0 ops/s,0 ops/s,5.26 ops/s,0 ops/s
2026-06-04 16:02:00,0 ops/s,0 ops/s,0 ops/s,0 ops/s,0 ops/s,0 ops/s,0 ops/s,0 ops/s,0 ops/s,0 ops/s,0 ops/s,0 ops/s,0 ops/s,4.92 ops/s,0 ops/s
2026-06-04 16:02:30,0 ops/s,0 ops/s,0 ops/s,0 ops/s,0 ops/s,0 ops/s,0 ops/s,0 ops/s,0 ops/s,0 ops/s,0 ops/s,0 ops/s,0 ops/s,5.27 ops/s,0 ops/s
2026-06-04 16:03:00,0 ops/s,0 ops/s,0 ops/s,0 ops/s,0 ops/s,0 ops/s,0 ops/s,0 ops/s,0 ops/s,0 ops/s,0 ops/s,0 ops/s,0 ops/s,6.76 ops/s,0 ops/s
2026-06-04 16:03:30,0 ops/s,0 ops/s,0 ops/s,0 ops/s,0 ops/s,0 ops/s,0 ops/s,0 ops/s,0 ops/s,0 ops/s,0 ops/s,0 ops/s,0 ops/s,6.77 ops/s,0 ops/s
2026-06-04 16:04:00,0 ops/s,0 ops/s,0 ops/s,0 ops/s,0 ops/s,0 ops/s,0 ops/s,0 ops/s,0 ops/s,0 ops/s,0 ops/s,0 ops/s,0 ops/s,6.33 ops/s,0 ops/s
2026-06-04 16:04:30,0 ops/s,0 ops/s,0 ops/s,0 ops/s,0 ops/s,0 ops/s,0 ops/s,0 ops/s,0 ops/s,0 ops/s,0 ops/s,0 ops/s,0 ops/s,4.80 ops/s,0 ops/s
2026-06-04 16:05:00,0 ops/s,0 ops/s,0 ops/s,0 ops/s,0 ops/s,0 ops/s,0 ops/s,0 ops/s,0 ops/s,0 ops/s,0 ops/s,0 ops/s,0 ops/s,4.97 ops/s,0 ops/s
2026-06-04 16:05:30,0 ops/s,0 ops/s,0 ops/s,0 ops/s,0 ops/s,0 ops/s,0 ops/s,0 ops/s,0 ops/s,0 ops/s,0 ops/s,0 ops/s,0 ops/s,4.97 ops/s,0 ops/s
2026-06-04 16:06:00,0 ops/s,0 ops/s,0 ops/s,0 ops/s,0 ops/s,0 ops/s,0 ops/s,0 ops/s,0 ops/s,0 ops/s,0 ops/s,0 ops/s,0 ops/s,4.99 ops/s,0 ops/s
2026-06-04 16:06:30,0 ops/s,0 ops/s,0 ops/s,0 ops/s,0 ops/s,0 ops/s,0 ops/s,0 ops/s,0 ops/s,0 ops/s,0 ops/s,0 ops/s,0 ops/s,4.86 ops/s,0 ops/s
2026-06-04 16:07:00,0 ops/s,0 ops/s,0 ops/s,0 ops/s,0 ops/s,0 ops/s,0 ops/s,0 ops/s,0 ops/s,0 ops/s,0 ops/s,0 ops/s,0 ops/s,4.87 ops/s,0 ops/s
2026-06-04 16:07:30,0 ops/s,0 ops/s,0 ops/s,0 ops/s,0 ops/s,0 ops/s,0 ops/s,0 ops/s,0 ops/s,0 ops/s,0 ops/s,0 ops/s,0 ops/s,4.90 ops/s,0 ops/s
2026-06-04 16:08:00,0 ops/s,0 ops/s,0 ops/s,0 ops/s,0 ops/s,0 ops/s,0 ops/s,0 ops/s,0 ops/s,0 ops/s,0 ops/s,0 ops/s,0 ops/s,4.84 ops/s,0 ops/s
2026-06-04 16:08:30,0 ops/s,0 ops/s,0 ops/s,0 ops/s,0 ops/s,0 ops/s,0 ops/s,0 ops/s,0 ops/s,0 ops/s,0 ops/s,0 ops/s,0 ops/s,4.89 ops/s,0 ops/s
2026-06-04 16:09:00,0 ops/s,0 ops/s,0 ops/s,0 ops/s,0 ops/s,0 ops/s,0 ops/s,0 ops/s,0 ops/s,0 ops/s,0 ops/s,0 ops/s,0 ops/s,4.86 ops/s,0 ops/s
2026-06-04 16:09:30,0 ops/s,0 ops/s,0 ops/s,0 ops/s,0 ops/s,0 ops/s,0 ops/s,0 ops/s,0 ops/s,0 ops/s,0 ops/s,0 ops/s,0 ops/s,4.87 ops/s,0 ops/s
2026-06-04 16:10:00,0 ops/s,0 ops/s,0 ops/s,0 ops/s,0 ops/s,0 ops/s,0 ops/s,0 ops/s,0 ops/s,0 ops/s,0 ops/s,0 ops/s,0 ops/s,5.24 ops/s,0 ops/s
2026-06-04 16:10:30,0 ops/s,0 ops/s,0 ops/s,0 ops/s,0 ops/s,0 ops/s,0 ops/s,0 ops/s,0 ops/s,0 ops/s,0 ops/s,0 ops/s,0 ops/s,5.37 ops/s,0 ops/s
2026-06-04 16:11:00,0 ops/s,0 ops/s,0 ops/s,0 ops/s,0 ops/s,0 ops/s,0 ops/s,0 ops/s,0 ops/s,0 ops/s,0 ops/s,0 ops/s,0 ops/s,5.37 ops/s,0 ops/s
2026-06-04 16:11:30,0 ops/s,0 ops/s,0 ops/s,0 ops/s,0 ops/s,0 ops/s,0 ops/s,0 ops/s,0 ops/s,0 ops/s,0 ops/s,0 ops/s,0 ops/s,5.01 ops/s,0 ops/s
2026-06-04 16:12:00,0 ops/s,0 ops/s,0 ops/s,0 ops/s,0 ops/s,0 ops/s,0 ops/s,0 ops/s,0 ops/s,0 ops/s,0 ops/s,0 ops/s,0 ops/s,4.91 ops/s,0 ops/s
2026-06-04 16:12:30,0 ops/s,0 ops/s,0 ops/s,0 ops/s,0 ops/s,0 ops/s,0 ops/s,0 ops/s,0 ops/s,0 ops/s,0 ops/s,0 ops/s,0 ops/s,4.91 ops/s,0 ops/s
2026-06-04 16:13:00,0 ops/s,0 ops/s,0 ops/s,0 ops/s,0 ops/s,0 ops/s,0 ops/s,0 ops/s,0 ops/s,0 ops/s,0 ops/s,0 ops/s,0 ops/s,4.81 ops/s,0 ops/s
2026-06-04 16:13:30,0 ops/s,0 ops/s,0 ops/s,0 ops/s,0 ops/s,0 ops/s,0 ops/s,0 ops/s,0 ops/s,0 ops/s,0 ops/s,0 ops/s,0 ops/s,4.83 ops/s,0 ops/s
2026-06-04 16:14:00,0 ops/s,0 ops/s,0 ops/s,0 ops/s,0 ops/s,0 ops/s,0 ops/s,0 ops/s,0 ops/s,0 ops/s,0 ops/s,0 ops/s,0 ops/s,4.80 ops/s,0 ops/s
2026-06-04 16:14:30,0 ops/s,0 ops/s,0 ops/s,0 ops/s,0 ops/s,0 ops/s,0 ops/s,0 ops/s,0 ops/s,0 ops/s,0 ops/s,0 ops/s,0 ops/s,4.84 ops/s,0 ops/s
2026-06-04 16:15:00,0 ops/s,0 ops/s,0 ops/s,0 ops/s,0 ops/s,0 ops/s,0 ops/s,0 ops/s,0 ops/s,0 ops/s,0 ops/s,0 ops/s,0 ops/s,4.91 ops/s,0 ops/s
2026-06-04 16:15:30,0 ops/s,0 ops/s,0 ops/s,0 ops/s,0 ops/s,0 ops/s,0 ops/s,0 ops/s,0 ops/s,0 ops/s,0 ops/s,0 ops/s,0 ops/s,5.00 ops/s,0 ops/s
2026-06-04 16:16:00,0 ops/s,0 ops/s,0 ops/s,0 ops/s,0 ops/s,0 ops/s,0 ops/s,0 ops/s,0 ops/s,0 ops/s,0 ops/s,0 ops/s,0 ops/s,5.03 ops/s,0 ops/s
2026-06-04 16:16:30,0 ops/s,0 ops/s,0 ops/s,0 ops/s,0 ops/s,0 ops/s,0 ops/s,0 ops/s,0 ops/s,0 ops/s,0 ops/s,0 ops/s,0 ops/s,4.98 ops/s,0 ops/s
2026-06-04 16:17:00,0 ops/s,0 ops/s,0 ops/s,0 ops/s,0 ops/s,0 ops/s,0 ops/s,0 ops/s,0 ops/s,0 ops/s,0 ops/s,0 ops/s,0 ops/s,4.94 ops/s,0 ops/s
2026-06-04 16:17:30,0 ops/s,0 ops/s,0 ops/s,0 ops/s,0 ops/s,0 ops/s,0 ops/s,0 ops/s,0 ops/s,0 ops/s,0 ops/s,0 ops/s,0 ops/s,4.89 ops/s,0 ops/s
2026-06-04 16:18:00,0 ops/s,0 ops/s,0 ops/s,0 ops/s,0 ops/s,0 ops/s,0 ops/s,0 ops/s,0 ops/s,0 ops/s,0 ops/s,0 ops/s,0 ops/s,4.86 ops/s,0 ops/s
2026-06-04 16:18:30,0 ops/s,0 ops/s,0 ops/s,0 ops/s,0 ops/s,0 ops/s,0 ops/s,0 ops/s,0 ops/s,0 ops/s,0 ops/s,0 ops/s,0 ops/s,4.83 ops/s,0 ops/s
2026-06-04 16:19:00,0 ops/s,0 ops/s,0 ops/s,0 ops/s,0 ops/s,0 ops/s,0 ops/s,0 ops/s,0 ops/s,0 ops/s,0 ops/s,0 ops/s,0 ops/s,5.22 ops/s,0 ops/s
2026-06-04 16:19:30,0 ops/s,0 ops/s,0 ops/s,0 ops/s,0 ops/s,0 ops/s,0 ops/s,0 ops/s,0 ops/s,0 ops/s,0 ops/s,0 ops/s,0 ops/s,6.14 ops/s,0 ops/s
2026-06-04 16:20:00,0 ops/s,0 ops/s,0 ops/s,0 ops/s,0 ops/s,0 ops/s,0 ops/s,0 ops/s,0 ops/s,0 ops/s,0 ops/s,0 ops/s,0 ops/s,6.59 ops/s,0 ops/s
2026-06-04 16:20:30,0 ops/s,0 ops/s,0 ops/s,0 ops/s,0 ops/s,0 ops/s,0 ops/s,0 ops/s,0 ops/s,0 ops/s,0 ops/s,0 ops/s,0 ops/s,6.29 ops/s,0 ops/s
2026-06-04 16:21:00,0 ops/s,0 ops/s,0 ops/s,0 ops/s,0 ops/s,0 ops/s,0 ops/s,0 ops/s,0 ops/s,0 ops/s,0 ops/s,0 ops/s,0 ops/s,5.33 ops/s,0 ops/s
2026-06-04 16:21:30,0 ops/s,0 ops/s,0 ops/s,0 ops/s,0 ops/s,0 ops/s,0 ops/s,0 ops/s,0 ops/s,0 ops/s,0 ops/s,0 ops/s,0 ops/s,4.91 ops/s,0 ops/s
2026-06-04 16:22:00,0 ops/s,0 ops/s,0 ops/s,0 ops/s,0 ops/s,0 ops/s,0 ops/s,0 ops/s,0 ops/s,0 ops/s,0 ops/s,0 ops/s,0 ops/s,4.77 ops/s,0 ops/s
2026-06-04 16:22:30,0 ops/s,0 ops/s,0 ops/s,0 ops/s,0 ops/s,0 ops/s,0 ops/s,0 ops/s,0 ops/s,0 ops/s,0 ops/s,0 ops/s,0 ops/s,4.82 ops/s,0 ops/s
2026-06-04 16:23:00,0 ops/s,0 ops/s,0 ops/s,0 ops/s,0 ops/s,0 ops/s,0 ops/s,0 ops/s,0 ops/s,0 ops/s,0 ops/s,0 ops/s,0 ops/s,4.80 ops/s,0 ops/s
2026-06-04 16:23:30,0 ops/s,0 ops/s,0 ops/s,0 ops/s,0 ops/s,0 ops/s,0 ops/s,0 ops/s,0 ops/s,0 ops/s,0 ops/s,0 ops/s,0 ops/s,4.80 ops/s,0 ops/s
2026-06-04 16:24:00,0 ops/s,0 ops/s,0 ops/s,0 ops/s,0 ops/s,0 ops/s,0 ops/s,0 ops/s,0 ops/s,0 ops/s,0 ops/s,0 ops/s,0 ops/s,4.77 ops/s,0 ops/s
2026-06-04 16:24:30,0 ops/s,0 ops/s,0 ops/s,0 ops/s,0 ops/s,0 ops/s,0 ops/s,0 ops/s,0 ops/s,0 ops/s,0 ops/s,0 ops/s,0 ops/s,4.80 ops/s,0 ops/s
2026-06-04 16:25:00,0 ops/s,0 ops/s,0 ops/s,0 ops/s,0 ops/s,0 ops/s,0 ops/s,0 ops/s,0 ops/s,0 ops/s,0 ops/s,0 ops/s,0 ops/s,4.94 ops/s,0 ops/s
2026-06-04 16:25:30,0 ops/s,0 ops/s,0 ops/s,0 ops/s,0 ops/s,0 ops/s,0 ops/s,0 ops/s,0 ops/s,0 ops/s,0 ops/s,0 ops/s,0 ops/s,5.00 ops/s,0 ops/s
2026-06-04 16:26:00,0 ops/s,0 ops/s,0 ops/s,0 ops/s,0 ops/s,0 ops/s,0 ops/s,0 ops/s,0 ops/s,0 ops/s,0 ops/s,0 ops/s,0 ops/s,5.02 ops/s,0 ops/s
2026-06-04 16:26:30,0 ops/s,0 ops/s,0 ops/s,0 ops/s,0 ops/s,0 ops/s,0 ops/s,0 ops/s,0 ops/s,0 ops/s,0 ops/s,0 ops/s,0 ops/s,5.04 ops/s,0 ops/s
2026-06-04 16:27:00,0 ops/s,0 ops/s,0 ops/s,0 ops/s,0 ops/s,0 ops/s,0 ops/s,0 ops/s,0 ops/s,0 ops/s,0 ops/s,0 ops/s,0 ops/s,4.99 ops/s,0 ops/s
2026-06-04 16:27:30,0 ops/s,0 ops/s,0 ops/s,0 ops/s,0 ops/s,0 ops/s,0 ops/s,0 ops/s,0 ops/s,0 ops/s,0 ops/s,0 ops/s,0 ops/s,4.90 ops/s,0 ops/s
2026-06-04 16:28:00,0 ops/s,0 ops/s,0 ops/s,0 ops/s,0 ops/s,0 ops/s,0 ops/s,0 ops/s,0 ops/s,0 ops/s,0 ops/s,0 ops/s,0 ops/s,4.82 ops/s,0 ops/s
2026-06-04 16:28:30,0 ops/s,0 ops/s,0 ops/s,0 ops/s,0 ops/s,0 ops/s,0 ops/s,0 ops/s,0 ops/s,0 ops/s,0 ops/s,0 ops/s,0 ops/s,4.83 ops/s,0 ops/s
2026-06-04 16:29:00,0 ops/s,0 ops/s,0 ops/s,0 ops/s,0 ops/s,0 ops/s,0 ops/s,0 ops/s,0 ops/s,0 ops/s,0 ops/s,0 ops/s,0 ops/s,4.99 ops/s,0 ops/s
2026-06-04 16:29:30,0 ops/s,0 ops/s,0 ops/s,0 ops/s,0 ops/s,0 ops/s,0 ops/s,0 ops/s,0 ops/s,0 ops/s,0 ops/s,0 ops/s,0 ops/s,4.93 ops/s,0 ops/s
2026-06-04 16:30:00,0 ops/s,0 ops/s,0 ops/s,0 ops/s,0 ops/s,0 ops/s,0 ops/s,0 ops/s,0 ops/s,0 ops/s,0 ops/s,0 ops/s,0 ops/s,5.37 ops/s,0 ops/s
2026-06-04 16:30:30,0 ops/s,0 ops/s,0 ops/s,0 ops/s,0 ops/s,0 ops/s,0 ops/s,0 ops/s,0 ops/s,0 ops/s,0 ops/s,0 ops/s,0 ops/s,5.30 ops/s,0 ops/s
2026-06-04 16:31:00,0 ops/s,0 ops/s,0 ops/s,0 ops/s,0 ops/s,0 ops/s,0 ops/s,0 ops/s,0 ops/s,0 ops/s,0 ops/s,0 ops/s,0 ops/s,5.36 ops/s,0 ops/s
2026-06-04 16:31:30,0 ops/s,0 ops/s,0 ops/s,0 ops/s,0 ops/s,0 ops/s,0 ops/s,0 ops/s,0 ops/s,0 ops/s,0 ops/s,0 ops/s,0 ops/s,4.91 ops/s,0 ops/s
2026-06-04 16:32:00,0 ops/s,0 ops/s,0 ops/s,0 ops/s,0 ops/s,0 ops/s,0 ops/s,0 ops/s,0 ops/s,0 ops/s,0 ops/s,0 ops/s,0 ops/s,4.89 ops/s,0 ops/s
2026-06-04 16:32:30,0 ops/s,0 ops/s,0 ops/s,0 ops/s,0 ops/s,0 ops/s,0 ops/s,0 ops/s,0 ops/s,0 ops/s,0 ops/s,0 ops/s,0 ops/s,4.89 ops/s,0 ops/s
2026-06-04 16:33:00,0 ops/s,0 ops/s,0 ops/s,0 ops/s,0 ops/s,0 ops/s,0 ops/s,0 ops/s,0 ops/s,0 ops/s,0 ops/s,0 ops/s,0 ops/s,4.87 ops/s,0 ops/s
2026-06-04 16:33:30,0 ops/s,0 ops/s,0 ops/s,0 ops/s,0 ops/s,0 ops/s,0 ops/s,0 ops/s,0 ops/s,0 ops/s,0 ops/s,0 ops/s,0 ops/s,4.84 ops/s,0 ops/s
2026-06-04 16:34:00,0 ops/s,0 ops/s,0 ops/s,0 ops/s,0 ops/s,0 ops/s,0 ops/s,0 ops/s,0 ops/s,0 ops/s,0 ops/s,0 ops/s,0 ops/s,4.84 ops/s,0 ops/s
2026-06-04 16:34:30,0 ops/s,0 ops/s,0 ops/s,0 ops/s,0 ops/s,0 ops/s,0 ops/s,0 ops/s,0 ops/s,0 ops/s,0 ops/s,0 ops/s,0 ops/s,4.86 ops/s,0 ops/s
2026-06-04 16:35:00,0 ops/s,0 ops/s,0 ops/s,0 ops/s,0 ops/s,0 ops/s,0 ops/s,0 ops/s,0 ops/s,0 ops/s,0 ops/s,0 ops/s,0 ops/s,4.88 ops/s,0 ops/s
2026-06-04 16:35:30,0 ops/s,0 ops/s,0 ops/s,0 ops/s,0 ops/s,0 ops/s,0 ops/s,0 ops/s,0 ops/s,0 ops/s,0 ops/s,0 ops/s,0 ops/s,5.29 ops/s,0 ops/s
2026-06-04 16:36:00,0 ops/s,0 ops/s,0 ops/s,0 ops/s,0 ops/s,0 ops/s,0 ops/s,0 ops/s,0 ops/s,0 ops/s,0 ops/s,0 ops/s,0 ops/s,5.34 ops/s,0 ops/s
2026-06-04 16:36:30,0 ops/s,0 ops/s,0 ops/s,0 ops/s,0 ops/s,0 ops/s,0 ops/s,0 ops/s,0 ops/s,0 ops/s,0 ops/s,0 ops/s,0 ops/s,6.73 ops/s,0 ops/s
2026-06-04 16:37:00,0 ops/s,0 ops/s,0 ops/s,0 ops/s,0 ops/s,0 ops/s,0 ops/s,0 ops/s,0 ops/s,0 ops/s,0 ops/s,0 ops/s,0 ops/s,6.37 ops/s,0 ops/s
2026-06-04 16:37:30,0 ops/s,0 ops/s,0 ops/s,0 ops/s,0 ops/s,0 ops/s,0 ops/s,0 ops/s,0 ops/s,0 ops/s,0 ops/s,0 ops/s,0 ops/s,6.37 ops/s,0 ops/s
2026-06-04 16:38:00,0 ops/s,0 ops/s,0 ops/s,0 ops/s,0 ops/s,0 ops/s,0 ops/s,0 ops/s,0 ops/s,0 ops/s,0 ops/s,0 ops/s,0 ops/s,4.96 ops/s,0 ops/s
2026-06-04 16:38:30,0 ops/s,0 ops/s,0 ops/s,0 ops/s,0 ops/s,0 ops/s,0 ops/s,0 ops/s,0 ops/s,0 ops/s,0 ops/s,0 ops/s,0 ops/s,4.77 ops/s,0 ops/s
2026-06-04 16:39:00,0 ops/s,0 ops/s,0 ops/s,0 ops/s,0 ops/s,0 ops/s,0 ops/s,0 ops/s,0 ops/s,0 ops/s,0 ops/s,0 ops/s,0 ops/s,4.33 ops/s,0 ops/s
2026-06-04 16:39:30,0 ops/s,0 ops/s,0 ops/s,0 ops/s,0 ops/s,0 ops/s,0 ops/s,0 ops/s,0 ops/s,0 ops/s,0 ops/s,0 ops/s,0 ops/s,4.36 ops/s,0 ops/s
2026-06-04 16:40:00,0 ops/s,0 ops/s,0 ops/s,0 ops/s,0 ops/s,0 ops/s,0 ops/s,0 ops/s,0 ops/s,0 ops/s,0 ops/s,0 ops/s,0 ops/s,4.63 ops/s,0 ops/s
2026-06-04 16:40:30,0 ops/s,0 ops/s,0 ops/s,0 ops/s,0 ops/s,0 ops/s,0 ops/s,0 ops/s,0 ops/s,0 ops/s,0 ops/s,0 ops/s,0 ops/s,5.19 ops/s,0 ops/s
2026-06-04 16:41:00,0 ops/s,0 ops/s,0 ops/s,0 ops/s,0 ops/s,0 ops/s,0 ops/s,0 ops/s,0 ops/s,0 ops/s,0 ops/s,0 ops/s,0 ops/s,6.40 ops/s,0 ops/s
2026-06-04 16:41:30,0 ops/s,0 ops/s,0 ops/s,0 ops/s,0 ops/s,0 ops/s,0 ops/s,0 ops/s,0 ops/s,0 ops/s,0 ops/s,0 ops/s,0 ops/s,6.28 ops/s,0 ops/s
2026-06-04 16:42:00,0 ops/s,0 ops/s,0 ops/s,0 ops/s,0 ops/s,0 ops/s,0 ops/s,0 ops/s,0 ops/s,0 ops/s,0 ops/s,0 ops/s,0 ops/s,6.19 ops/s,0 ops/s
2026-06-04 16:42:30,0 ops/s,0 ops/s,0 ops/s,0 ops/s,0 ops/s,0 ops/s,0 ops/s,0 ops/s,0 ops/s,0 ops/s,0 ops/s,0 ops/s,0 ops/s,4.92 ops/s,0 ops/s
2026-06-04 16:43:00,0 ops/s,0 ops/s,0 ops/s,0 ops/s,0 ops/s,0 ops/s,0 ops/s,0 ops/s,0 ops/s,0 ops/s,0 ops/s,0 ops/s,0 ops/s,4.91 ops/s,0 ops/s
2026-06-04 16:43:30,0 ops/s,0 ops/s,0 ops/s,0 ops/s,0 ops/s,0 ops/s,0 ops/s,0 ops/s,0 ops/s,0 ops/s,0 ops/s,0 ops/s,0 ops/s,4.86 ops/s,0 ops/s
2026-06-04 16:44:00,0 ops/s,0 ops/s,0 ops/s,0 ops/s,0 ops/s,0 ops/s,0 ops/s,0 ops/s,0 ops/s,0 ops/s,0 ops/s,0 ops/s,0 ops/s,4.93 ops/s,0 ops/s
2026-06-04 16:44:30,0 ops/s,0 ops/s,0 ops/s,0 ops/s,0 ops/s,0 ops/s,0 ops/s,0 ops/s,0 ops/s,0 ops/s,0 ops/s,0 ops/s,0 ops/s,4.93 ops/s,0 ops/s
2026-06-04 16:45:00,0 ops/s,0 ops/s,0 ops/s,0 ops/s,0 ops/s,0 ops/s,0 ops/s,0 ops/s,0 ops/s,0 ops/s,0 ops/s,0 ops/s,0 ops/s,5.14 ops/s,0 ops/s
2026-06-04 16:45:30,0 ops/s,0 ops/s,0 ops/s,0 ops/s,0 ops/s,0 ops/s,0 ops/s,0 ops/s,0 ops/s,0 ops/s,0 ops/s,0 ops/s,0 ops/s,5.12 ops/s,0 ops/s
2026-06-04 16:46:00,0 ops/s,0 ops/s,0 ops/s,0 ops/s,0 ops/s,0 ops/s,0 ops/s,0 ops/s,0 ops/s,0 ops/s,0 ops/s,0 ops/s,0 ops/s,5.14 ops/s,0 ops/s
2026-06-04 16:46:30,0 ops/s,0 ops/s,0 ops/s,0 ops/s,0 ops/s,0 ops/s,0 ops/s,0 ops/s,0 ops/s,0 ops/s,0 ops/s,0 ops/s,0 ops/s,4.92 ops/s,0 ops/s
2026-06-04 16:47:00,0 ops/s,0 ops/s,0 ops/s,0 ops/s,0 ops/s,0 ops/s,0 ops/s,0 ops/s,0 ops/s,0 ops/s,0 ops/s,0 ops/s,0 ops/s,4.92 ops/s,0 ops/s
2026-06-04 16:47:30,0 ops/s,0 ops/s,0 ops/s,0 ops/s,0 ops/s,0 ops/s,0 ops/s,0 ops/s,0 ops/s,0 ops/s,0 ops/s,0 ops/s,0 ops/s,4.84 ops/s,0 ops/s
2026-06-04 16:48:00,0 ops/s,0 ops/s,0 ops/s,0 ops/s,0 ops/s,0 ops/s,0 ops/s,0 ops/s,0 ops/s,0 ops/s,0 ops/s,0 ops/s,0 ops/s,4.87 ops/s,0 ops/s
2026-06-04 16:48:30,0 ops/s,0 ops/s,0 ops/s,0 ops/s,0 ops/s,0 ops/s,0 ops/s,0 ops/s,0 ops/s,0 ops/s,0 ops/s,0 ops/s,0 ops/s,4.88 ops/s,0 ops/s
2026-06-04 16:49:00,0 ops/s,0 ops/s,0 ops/s,0 ops/s,0 ops/s,0 ops/s,0 ops/s,0 ops/s,0 ops/s,0 ops/s,0 ops/s,0 ops/s,0 ops/s,5.16 ops/s,0 ops/s
2026-06-04 16:49:30,0 ops/s,0 ops/s,0 ops/s,0 ops/s,0 ops/s,0 ops/s,0 ops/s,0 ops/s,0 ops/s,0 ops/s,0 ops/s,0 ops/s,0 ops/s,5.16 ops/s,0 ops/s
2026-06-04 16:50:00,0 ops/s,0 ops/s,0 ops/s,0 ops/s,0 ops/s,0 ops/s,0 ops/s,0 ops/s,0 ops/s,0 ops/s,0 ops/s,0 ops/s,0 ops/s,5.30 ops/s,0 ops/s
2026-06-04 16:50:30,0 ops/s,0 ops/s,0 ops/s,0 ops/s,0 ops/s,0 ops/s,0 ops/s,0 ops/s,0 ops/s,0 ops/s,0 ops/s,0 ops/s,0 ops/s,5.19 ops/s,0 ops/s
2026-06-04 16:51:00,0 ops/s,0 ops/s,0 ops/s,0 ops/s,0 ops/s,0 ops/s,0 ops/s,0 ops/s,0 ops/s,0 ops/s,0 ops/s,0 ops/s,0 ops/s,5.18 ops/s,0 ops/s
2026-06-04 16:51:30,0 ops/s,0 ops/s,0 ops/s,0 ops/s,0 ops/s,0 ops/s,0 ops/s,0 ops/s,0 ops/s,0 ops/s,0 ops/s,0 ops/s,0 ops/s,4.99 ops/s,0 ops/s
2026-06-04 16:52:00,0 ops/s,0 ops/s,0 ops/s,0 ops/s,0 ops/s,0 ops/s,0 ops/s,0 ops/s,0 ops/s,0 ops/s,0 ops/s,0 ops/s,0 ops/s,4.92 ops/s,0 ops/s
2026-06-04 16:52:30,0 ops/s,0 ops/s,0 ops/s,0 ops/s,0 ops/s,0 ops/s,0 ops/s,0 ops/s,0 ops/s,0 ops/s,0 ops/s,0 ops/s,0 ops/s,5.44 ops/s,0 ops/s
2026-06-04 16:53:00,0 ops/s,0 ops/s,0 ops/s,0 ops/s,0 ops/s,0 ops/s,0 ops/s,0 ops/s,0 ops/s,0 ops/s,0 ops/s,0 ops/s,0 ops/s,7.11 ops/s,0 ops/s
2026-06-04 16:53:30,0 ops/s,0 ops/s,0 ops/s,0 ops/s,0 ops/s,0 ops/s,0 ops/s,0 ops/s,0 ops/s,0 ops/s,0 ops/s,0 ops/s,0 ops/s,7.06 ops/s,0 ops/s
2026-06-04 16:54:00,0 ops/s,0 ops/s,0 ops/s,0 ops/s,0 ops/s,0 ops/s,0 ops/s,0 ops/s,0 ops/s,0 ops/s,0 ops/s,0 ops/s,0 ops/s,6.52 ops/s,0 ops/s
2026-06-04 16:54:30,0 ops/s,0 ops/s,0 ops/s,0 ops/s,0 ops/s,0 ops/s,0 ops/s,0 ops/s,0 ops/s,0 ops/s,0 ops/s,0 ops/s,0 ops/s,4.84 ops/s,0 ops/s
2026-06-04 16:55:00,0 ops/s,0 ops/s,0 ops/s,0 ops/s,0 ops/s,0 ops/s,0 ops/s,0 ops/s,0 ops/s,0 ops/s,0 ops/s,0 ops/s,0 ops/s,5.01 ops/s,0 ops/s
2026-06-04 16:55:30,0 ops/s,0 ops/s,0 ops/s,0 ops/s,0 ops/s,0 ops/s,0 ops/s,0 ops/s,0 ops/s,0 ops/s,0 ops/s,0 ops/s,0 ops/s,5.02 ops/s,0 ops/s
2026-06-04 16:56:00,0 ops/s,0 ops/s,0 ops/s,0 ops/s,0 ops/s,0 ops/s,0 ops/s,0 ops/s,0 ops/s,0 ops/s,0 ops/s,0 ops/s,0 ops/s,5.02 ops/s,0 ops/s
2026-06-04 16:56:30,0 ops/s,0 ops/s,0 ops/s,0 ops/s,0 ops/s,0 ops/s,0 ops/s,0 ops/s,0 ops/s,0 ops/s,0 ops/s,0 ops/s,0 ops/s,4.84 ops/s,0 ops/s
2026-06-04 16:57:00,0 ops/s,0 ops/s,0 ops/s,0 ops/s,0 ops/s,0 ops/s,0 ops/s,0 ops/s,0 ops/s,0 ops/s,0 ops/s,0 ops/s,0 ops/s,4.83 ops/s,0 ops/s
2026-06-04 16:57:30,0 ops/s,0 ops/s,0 ops/s,0 ops/s,0 ops/s,0 ops/s,0 ops/s,0 ops/s,0 ops/s,0 ops/s,0 ops/s,0 ops/s,0 ops/s,4.66 ops/s,0 ops/s
2026-06-04 16:58:00,0 ops/s,0 ops/s,0 ops/s,0 ops/s,0 ops/s,0 ops/s,0 ops/s,0 ops/s,0 ops/s,0 ops/s,0 ops/s,0 ops/s,0 ops/s,4.44 ops/s,0 ops/s
2026-06-04 16:58:30,0 ops/s,0 ops/s,0 ops/s,0 ops/s,0 ops/s,0 ops/s,0 ops/s,0 ops/s,0 ops/s,0 ops/s,0 ops/s,0 ops/s,0 ops/s,4.26 ops/s,0 ops/s
2026-06-04 16:59:00,0 ops/s,0 ops/s,0 ops/s,0 ops/s,0 ops/s,0 ops/s,0 ops/s,0 ops/s,0 ops/s,0 ops/s,0 ops/s,0 ops/s,0 ops/s,4.69 ops/s,0 ops/s
2026-06-04 16:59:30,0 ops/s,0 ops/s,0 ops/s,0 ops/s,0 ops/s,0 ops/s,0 ops/s,0 ops/s,0 ops/s,0 ops/s,0 ops/s,0 ops/s,0 ops/s,4.94 ops/s,0 ops/s
2026-06-04 17:00:00,0 ops/s,0 ops/s,0 ops/s,0 ops/s,0 ops/s,0 ops/s,0 ops/s,0 ops/s,0 ops/s,0 ops/s,0 ops/s,0 ops/s,0 ops/s,5.27 ops/s,0 ops/s
2026-06-04 17:00:30,0 ops/s,0 ops/s,0 ops/s,0 ops/s,0 ops/s,0 ops/s,0 ops/s,0 ops/s,0 ops/s,0 ops/s,0 ops/s,0 ops/s,0 ops/s,5.18 ops/s,0 ops/s
2026-06-04 17:01:00,0 ops/s,0 ops/s,0 ops/s,0 ops/s,0 ops/s,0 ops/s,0 ops/s,0 ops/s,0 ops/s,0 ops/s,0 ops/s,0 ops/s,0 ops/s,5.14 ops/s,0 ops/s
2026-06-04 17:01:30,0 ops/s,0 ops/s,0 ops/s,0 ops/s,0 ops/s,0 ops/s,0 ops/s,0 ops/s,0 ops/s,0 ops/s,0 ops/s,0 ops/s,0 ops/s,5.03 ops/s,0 ops/s
2026-06-04 17:02:00,0 ops/s,0 ops/s,0 ops/s,0 ops/s,0 ops/s,0 ops/s,0 ops/s,0 ops/s,0 ops/s,0 ops/s,0 ops/s,0 ops/s,0 ops/s,4.84 ops/s,0 ops/s
2026-06-04 17:02:30,0 ops/s,0 ops/s,0 ops/s,0 ops/s,0 ops/s,0 ops/s,0 ops/s,0 ops/s,0 ops/s,0 ops/s,0 ops/s,0 ops/s,0 ops/s,4.93 ops/s,0 ops/s
2026-06-04 17:03:00,0 ops/s,0 ops/s,0 ops/s,0 ops/s,0 ops/s,0 ops/s,0 ops/s,0 ops/s,0 ops/s,0 ops/s,0 ops/s,0 ops/s,0 ops/s,4.89 ops/s,0 ops/s
2026-06-04 17:03:30,0 ops/s,0 ops/s,0 ops/s,0 ops/s,0 ops/s,0 ops/s,0 ops/s,0 ops/s,0 ops/s,0 ops/s,0 ops/s,0 ops/s,0 ops/s,4.90 ops/s,0 ops/s
2026-06-04 17:04:00,0 ops/s,0 ops/s,0 ops/s,0 ops/s,0 ops/s,0 ops/s,0 ops/s,0 ops/s,0 ops/s,0 ops/s,0 ops/s,0 ops/s,0 ops/s,4.70 ops/s,0 ops/s
2026-06-04 17:04:30,0 ops/s,0 ops/s,0 ops/s,0 ops/s,0 ops/s,0 ops/s,0 ops/s,0 ops/s,0 ops/s,0 ops/s,0 ops/s,0 ops/s,0 ops/s,4.76 ops/s,0 ops/s
2026-06-04 17:05:00,0 ops/s,0 ops/s,0 ops/s,0 ops/s,0 ops/s,0 ops/s,0 ops/s,0 ops/s,0 ops/s,0 ops/s,0 ops/s,0 ops/s,0 ops/s,4.87 ops/s,0 ops/s
2026-06-04 17:05:30,0 ops/s,0 ops/s,0 ops/s,0 ops/s,0 ops/s,0 ops/s,0 ops/s,0 ops/s,0 ops/s,0 ops/s,0 ops/s,0 ops/s,0 ops/s,5.08 ops/s,0 ops/s
2026-06-04 17:06:00,0 ops/s,0 ops/s,0 ops/s,0 ops/s,0 ops/s,0 ops/s,0 ops/s,0 ops/s,0 ops/s,0 ops/s,0 ops/s,0 ops/s,0 ops/s,5.04 ops/s,0 ops/s
2026-06-04 17:06:30,0 ops/s,0 ops/s,0 ops/s,0 ops/s,0 ops/s,0 ops/s,0 ops/s,0 ops/s,0 ops/s,0 ops/s,0 ops/s,0 ops/s,0 ops/s,4.98 ops/s,0 ops/s
2026-06-04 17:07:00,0 ops/s,0 ops/s,0 ops/s,0 ops/s,0 ops/s,0 ops/s,0 ops/s,0 ops/s,0 ops/s,0 ops/s,0 ops/s,0 ops/s,0 ops/s,4.87 ops/s,0 ops/s
2026-06-04 17:07:30,0 ops/s,0 ops/s,0 ops/s,0 ops/s,0 ops/s,0 ops/s,0 ops/s,0 ops/s,0 ops/s,0 ops/s,0 ops/s,0 ops/s,0 ops/s,4.87 ops/s,0 ops/s
2026-06-04 17:08:00,0 ops/s,0 ops/s,0 ops/s,0 ops/s,0 ops/s,0 ops/s,0 ops/s,0 ops/s,0 ops/s,0 ops/s,0 ops/s,0 ops/s,0 ops/s,4.84 ops/s,0 ops/s
2026-06-04 17:08:30,0 ops/s,0 ops/s,0 ops/s,0 ops/s,0 ops/s,0 ops/s,0 ops/s,0 ops/s,0 ops/s,0 ops/s,0 ops/s,0 ops/s,0 ops/s,4.87 ops/s,0 ops/s
2026-06-04 17:09:00,0 ops/s,0 ops/s,0 ops/s,0 ops/s,0 ops/s,0 ops/s,0 ops/s,0 ops/s,0 ops/s,0 ops/s,0 ops/s,0 ops/s,0 ops/s,5.53 ops/s,0 ops/s
2026-06-04 17:09:30,0 ops/s,0 ops/s,0 ops/s,0 ops/s,0 ops/s,0 ops/s,0 ops/s,0 ops/s,0 ops/s,0 ops/s,0 ops/s,0 ops/s,0 ops/s,5.50 ops/s,0 ops/s
2026-06-04 17:10:00,0 ops/s,0 ops/s,0 ops/s,0 ops/s,0 ops/s,0 ops/s,0 ops/s,0 ops/s,0 ops/s,0 ops/s,0 ops/s,0 ops/s,0 ops/s,7.13 ops/s,0 ops/s
2026-06-04 17:10:30,0 ops/s,0 ops/s,0 ops/s,0 ops/s,0 ops/s,0 ops/s,0 ops/s,0 ops/s,0 ops/s,0 ops/s,0 ops/s,0 ops/s,0 ops/s,6.54 ops/s,0 ops/s
2026-06-04 17:11:00,0 ops/s,0 ops/s,0 ops/s,0 ops/s,0 ops/s,0 ops/s,0 ops/s,0 ops/s,0 ops/s,0 ops/s,0 ops/s,0 ops/s,0 ops/s,6.64 ops/s,0 ops/s
2026-06-04 17:11:30,0 ops/s,0 ops/s,0 ops/s,0 ops/s,0 ops/s,0 ops/s,0 ops/s,0 ops/s,0 ops/s,0 ops/s,0 ops/s,0 ops/s,0 ops/s,5.00 ops/s,0 ops/s
2026-06-04 17:12:00,0 ops/s,0 ops/s,0 ops/s,0 ops/s,0 ops/s,0 ops/s,0 ops/s,0 ops/s,0 ops/s,0 ops/s,0 ops/s,0 ops/s,0 ops/s,4.86 ops/s,0 ops/s
2026-06-04 17:12:30,0 ops/s,0 ops/s,0 ops/s,0 ops/s,0 ops/s,0 ops/s,0 ops/s,0 ops/s,0 ops/s,0 ops/s,0 ops/s,0 ops/s,0 ops/s,4.86 ops/s,0 ops/s
2026-06-04 17:13:00,0 ops/s,0 ops/s,0 ops/s,0 ops/s,0 ops/s,0 ops/s,0 ops/s,0 ops/s,0 ops/s,0 ops/s,0 ops/s,0 ops/s,0 ops/s,4.90 ops/s,0 ops/s
2026-06-04 17:13:30,0 ops/s,0 ops/s,0 ops/s,0 ops/s,0 ops/s,0 ops/s,0 ops/s,0 ops/s,0 ops/s,0 ops/s,0 ops/s,0 ops/s,0 ops/s,4.92 ops/s,0 ops/s
2026-06-04 17:14:00,0 ops/s,0 ops/s,0 ops/s,0 ops/s,0 ops/s,0 ops/s,0 ops/s,0 ops/s,0 ops/s,0 ops/s,0 ops/s,0 ops/s,0 ops/s,4.88 ops/s,0 ops/s
2026-06-04 17:14:30,0 ops/s,0 ops/s,0 ops/s,0 ops/s,0 ops/s,0 ops/s,0 ops/s,0 ops/s,0 ops/s,0 ops/s,0 ops/s,0 ops/s,0 ops/s,4.82 ops/s,0 ops/s
2026-06-04 17:15:00,0 ops/s,0 ops/s,0 ops/s,0 ops/s,0 ops/s,0 ops/s,0 ops/s,0 ops/s,0 ops/s,0 ops/s,0 ops/s,0 ops/s,0 ops/s,4.76 ops/s,0 ops/s
2026-06-04 17:15:30,0 ops/s,0 ops/s,0 ops/s,0 ops/s,0 ops/s,0 ops/s,0 ops/s,0 ops/s,0 ops/s,0 ops/s,0 ops/s,0 ops/s,0 ops/s,4.49 ops/s,0 ops/s
2026-06-04 17:16:00,0 ops/s,0 ops/s,0 ops/s,0 ops/s,0 ops/s,0 ops/s,0 ops/s,0 ops/s,0 ops/s,0 ops/s,0 ops/s,0 ops/s,0 ops/s,4.39 ops/s,0 ops/s
2026-06-04 17:16:30,0 ops/s,0 ops/s,0 ops/s,0 ops/s,0 ops/s,0 ops/s,0 ops/s,0 ops/s,0 ops/s,0 ops/s,0 ops/s,0 ops/s,0 ops/s,4.39 ops/s,0 ops/s
2026-06-04 17:17:00,0 ops/s,0 ops/s,0 ops/s,0 ops/s,0 ops/s,0 ops/s,0 ops/s,0 ops/s,0 ops/s,0 ops/s,0 ops/s,0 ops/s,0 ops/s,4.61 ops/s,0 ops/s
2026-06-04 17:17:30,0 ops/s,0 ops/s,0 ops/s,0 ops/s,0 ops/s,0 ops/s,0 ops/s,0 ops/s,0 ops/s,0 ops/s,0 ops/s,0 ops/s,0 ops/s,4.79 ops/s,0 ops/s
2026-06-04 17:18:00,0 ops/s,0 ops/s,0 ops/s,0 ops/s,0 ops/s,0 ops/s,0 ops/s,0 ops/s,0 ops/s,0 ops/s,0 ops/s,0 ops/s,0 ops/s,4.89 ops/s,0 ops/s
2026-06-04 17:18:30,0 ops/s,0 ops/s,0 ops/s,0 ops/s,0 ops/s,0 ops/s,0 ops/s,0 ops/s,0 ops/s,0 ops/s,0 ops/s,0 ops/s,0 ops/s,5.26 ops/s,0 ops/s
2026-06-04 17:19:00,0 ops/s,0 ops/s,0 ops/s,0 ops/s,0 ops/s,0 ops/s,0 ops/s,0 ops/s,0 ops/s,0 ops/s,0 ops/s,0 ops/s,0 ops/s,5.18 ops/s,0 ops/s
2026-06-04 17:19:30,0 ops/s,0 ops/s,0 ops/s,0 ops/s,0 ops/s,0 ops/s,0 ops/s,0 ops/s,0 ops/s,0 ops/s,0 ops/s,0 ops/s,0 ops/s,5.16 ops/s,0 ops/s
2026-06-04 17:20:00,0 ops/s,0 ops/s,0 ops/s,0 ops/s,0 ops/s,0 ops/s,0 ops/s,0 ops/s,0 ops/s,0 ops/s,0 ops/s,0 ops/s,0 ops/s,4.96 ops/s,0 ops/s
2026-06-04 17:20:30,0 ops/s,0 ops/s,0 ops/s,0 ops/s,0 ops/s,0 ops/s,0 ops/s,0 ops/s,0 ops/s,0 ops/s,0 ops/s,0 ops/s,0 ops/s,5.06 ops/s,0 ops/s
2026-06-04 17:21:00,0 ops/s,0 ops/s,0 ops/s,0 ops/s,0 ops/s,0 ops/s,0 ops/s,0 ops/s,0 ops/s,0 ops/s,0 ops/s,0 ops/s,0 ops/s,4.99 ops/s,0 ops/s
2026-06-04 17:21:30,0 ops/s,0 ops/s,0 ops/s,0 ops/s,0 ops/s,0 ops/s,0 ops/s,0 ops/s,0 ops/s,0 ops/s,0 ops/s,0 ops/s,0 ops/s,4.83 ops/s,0 ops/s
2026-06-04 17:22:00,0 ops/s,0 ops/s,0 ops/s,0 ops/s,0 ops/s,0 ops/s,0 ops/s,0 ops/s,0 ops/s,0 ops/s,0 ops/s,0 ops/s,0 ops/s,4.78 ops/s,0 ops/s
2026-06-04 17:22:30,0 ops/s,0 ops/s,0 ops/s,0 ops/s,0 ops/s,0 ops/s,0 ops/s,0 ops/s,0 ops/s,0 ops/s,0 ops/s,0 ops/s,0 ops/s,4.90 ops/s,0 ops/s
2026-06-04 17:23:00,0 ops/s,0 ops/s,0 ops/s,0 ops/s,0 ops/s,0 ops/s,0 ops/s,0 ops/s,0 ops/s,0 ops/s,0 ops/s,0 ops/s,0 ops/s,4.87 ops/s,0 ops/s
2026-06-04 17:23:30,0 ops/s,0 ops/s,0 ops/s,0 ops/s,0 ops/s,0 ops/s,0 ops/s,0 ops/s,0 ops/s,0 ops/s,0 ops/s,0 ops/s,0 ops/s,4.86 ops/s,0 ops/s
2026-06-04 17:24:00,0 ops/s,0 ops/s,0 ops/s,0 ops/s,0 ops/s,0 ops/s,0 ops/s,0 ops/s,0 ops/s,0 ops/s,0 ops/s,0 ops/s,0 ops/s,4.82 ops/s,0 ops/s
2026-06-04 17:24:30,0 ops/s,0 ops/s,0 ops/s,0 ops/s,0 ops/s,0 ops/s,0 ops/s,0 ops/s,0 ops/s,0 ops/s,0 ops/s,0 ops/s,0 ops/s,4.87 ops/s,0 ops/s
2026-06-04 17:25:00,0 ops/s,0 ops/s,0 ops/s,0 ops/s,0 ops/s,0 ops/s,0 ops/s,0 ops/s,0 ops/s,0 ops/s,0 ops/s,0 ops/s,0 ops/s,4.99 ops/s,0 ops/s
2026-06-04 17:25:30,0 ops/s,0 ops/s,0 ops/s,0 ops/s,0 ops/s,0 ops/s,0 ops/s,0 ops/s,0 ops/s,0 ops/s,0 ops/s,0 ops/s,0 ops/s,5.44 ops/s,0 ops/s
2026-06-04 17:26:00,0 ops/s,0 ops/s,0 ops/s,0 ops/s,0 ops/s,0 ops/s,0 ops/s,0 ops/s,0 ops/s,0 ops/s,0 ops/s,0 ops/s,0 ops/s,5.64 ops/s,0 ops/s
2026-06-04 17:26:30,0 ops/s,0 ops/s,0 ops/s,0 ops/s,0 ops/s,0 ops/s,0 ops/s,0 ops/s,0 ops/s,0 ops/s,0 ops/s,0 ops/s,0 ops/s,6.98 ops/s,0 ops/s
2026-06-04 17:27:00,0 ops/s,0 ops/s,0 ops/s,0 ops/s,0 ops/s,0 ops/s,0 ops/s,0 ops/s,0 ops/s,0 ops/s,0 ops/s,0 ops/s,0 ops/s,6.47 ops/s,0 ops/s
2026-06-04 17:27:30,0 ops/s,0 ops/s,0 ops/s,0 ops/s,0 ops/s,0 ops/s,0 ops/s,0 ops/s,0 ops/s,0 ops/s,0 ops/s,0 ops/s,0 ops/s,6.27 ops/s,0 ops/s
2026-06-04 17:28:00,0 ops/s,0 ops/s,0 ops/s,0 ops/s,0 ops/s,0 ops/s,0 ops/s,0 ops/s,0 ops/s,0 ops/s,0 ops/s,0 ops/s,0 ops/s,5.10 ops/s,0 ops/s
2026-06-04 17:28:30,0 ops/s,0 ops/s,0 ops/s,0 ops/s,0 ops/s,0 ops/s,0 ops/s,0 ops/s,0 ops/s,0 ops/s,0 ops/s,0 ops/s,0 ops/s,5.43 ops/s,0 ops/s
2026-06-04 17:29:00,0 ops/s,0 ops/s,0 ops/s,0 ops/s,0 ops/s,0 ops/s,0 ops/s,0 ops/s,0 ops/s,0 ops/s,0 ops/s,0 ops/s,0 ops/s,5.42 ops/s,0 ops/s
2026-06-04 17:29:30,0 ops/s,0 ops/s,0 ops/s,0 ops/s,0 ops/s,0 ops/s,0 ops/s,0 ops/s,0 ops/s,0 ops/s,0 ops/s,0 ops/s,0 ops/s,5.12 ops/s,0 ops/s
2026-06-04 17:30:00,0 ops/s,0 ops/s,0 ops/s,0 ops/s,0 ops/s,0 ops/s,0 ops/s,0 ops/s,0 ops/s,0 ops/s,0 ops/s,0 ops/s,0 ops/s,4.94 ops/s,0 ops/s
2026-06-04 17:30:30,0 ops/s,0 ops/s,0 ops/s,0 ops/s,0 ops/s,0 ops/s,0 ops/s,0 ops/s,0 ops/s,0 ops/s,0 ops/s,0 ops/s,0 ops/s,5.04 ops/s,0 ops/s
2026-06-04 17:31:00,0 ops/s,0 ops/s,0 ops/s,0 ops/s,0 ops/s,0 ops/s,0 ops/s,0 ops/s,0 ops/s,0 ops/s,0 ops/s,0 ops/s,0 ops/s,4.99 ops/s,0 ops/s
2026-06-04 17:31:30,0 ops/s,0 ops/s,0 ops/s,0 ops/s,0 ops/s,0 ops/s,0 ops/s,0 ops/s,0 ops/s,0 ops/s,0 ops/s,0 ops/s,0 ops/s,4.89 ops/s,0 ops/s
2026-06-04 17:32:00,0 ops/s,0 ops/s,0 ops/s,0 ops/s,0 ops/s,0 ops/s,0 ops/s,0 ops/s,0 ops/s,0 ops/s,0 ops/s,0 ops/s,0 ops/s,4.79 ops/s,0 ops/s
2026-06-04 17:32:30,0 ops/s,0 ops/s,0 ops/s,0 ops/s,0 ops/s,0 ops/s,0 ops/s,0 ops/s,0 ops/s,0 ops/s,0 ops/s,0 ops/s,0 ops/s,4.87 ops/s,0 ops/s
2026-06-04 17:33:00,0 ops/s,0 ops/s,0 ops/s,0 ops/s,0 ops/s,0 ops/s,0 ops/s,0 ops/s,0 ops/s,0 ops/s,0 ops/s,0 ops/s,0 ops/s,4.94 ops/s,0 ops/s
2026-06-04 17:33:30,0 ops/s,0 ops/s,0 ops/s,0 ops/s,0 ops/s,0 ops/s,0 ops/s,0 ops/s,0 ops/s,0 ops/s,0 ops/s,0 ops/s,0 ops/s,4.80 ops/s,0 ops/s
2026-06-04 17:34:00,0 ops/s,0 ops/s,0 ops/s,0 ops/s,0 ops/s,0 ops/s,0 ops/s,0 ops/s,0 ops/s,0 ops/s,0 ops/s,0 ops/s,0 ops/s,4.43 ops/s,0 ops/s
2026-06-04 17:34:30,0 ops/s,0 ops/s,0 ops/s,0 ops/s,0 ops/s,0 ops/s,0 ops/s,0 ops/s,0 ops/s,0 ops/s,0 ops/s,0 ops/s,0 ops/s,4.14 ops/s,0 ops/s
2026-06-04 17:35:00,0 ops/s,0 ops/s,0 ops/s,0 ops/s,0 ops/s,0 ops/s,0 ops/s,0 ops/s,0 ops/s,0 ops/s,0 ops/s,0 ops/s,0 ops/s,4.34 ops/s,0 ops/s
2026-06-04 17:35:30,0 ops/s,0 ops/s,0 ops/s,0 ops/s,0 ops/s,0 ops/s,0 ops/s,0 ops/s,0 ops/s,0 ops/s,0 ops/s,0 ops/s,0 ops/s,4.78 ops/s,0 ops/s
2026-06-04 17:36:00,0 ops/s,0 ops/s,0 ops/s,0 ops/s,0 ops/s,0 ops/s,0 ops/s,0 ops/s,0 ops/s,0 ops/s,0 ops/s,0 ops/s,0 ops/s,5.02 ops/s,0 ops/s
2026-06-04 17:36:30,0 ops/s,0 ops/s,0 ops/s,0 ops/s,0 ops/s,0 ops/s,0 ops/s,0 ops/s,0 ops/s,0 ops/s,0 ops/s,0 ops/s,0 ops/s,4.98 ops/s,0 ops/s
2026-06-04 17:37:00,0 ops/s,0 ops/s,0 ops/s,0 ops/s,0 ops/s,0 ops/s,0 ops/s,0 ops/s,0 ops/s,0 ops/s,0 ops/s,0 ops/s,0 ops/s,4.88 ops/s,0 ops/s
2026-06-04 17:37:30,0 ops/s,0 ops/s,0 ops/s,0 ops/s,0 ops/s,0 ops/s,0 ops/s,0 ops/s,0 ops/s,0 ops/s,0 ops/s,0 ops/s,0 ops/s,4.88 ops/s,0 ops/s
2026-06-04 17:38:00,0 ops/s,0 ops/s,0 ops/s,0 ops/s,0 ops/s,0 ops/s,0 ops/s,0 ops/s,0 ops/s,0 ops/s,0 ops/s,0 ops/s,0 ops/s,5.19 ops/s,0 ops/s
2026-06-04 17:38:30,0 ops/s,0 ops/s,0 ops/s,0 ops/s,0 ops/s,0 ops/s,0 ops/s,0 ops/s,0 ops/s,0 ops/s,0 ops/s,0 ops/s,0 ops/s,5.20 ops/s,0 ops/s
2026-06-04 17:39:00,0 ops/s,0 ops/s,0 ops/s,0 ops/s,0 ops/s,0 ops/s,0 ops/s,0 ops/s,0 ops/s,0 ops/s,0 ops/s,0 ops/s,0 ops/s,5.13 ops/s,0 ops/s
2026-06-04 17:39:30,0 ops/s,0 ops/s,0 ops/s,0 ops/s,0 ops/s,0 ops/s,0 ops/s,0 ops/s,0 ops/s,0 ops/s,0 ops/s,0 ops/s,0 ops/s,4.81 ops/s,0 ops/s
2026-06-04 17:40:00,0 ops/s,0 ops/s,0 ops/s,0 ops/s,0 ops/s,0 ops/s,0 ops/s,0 ops/s,0 ops/s,0 ops/s,0 ops/s,0 ops/s,0 ops/s,5.00 ops/s,0 ops/s
2026-06-04 17:40:30,0 ops/s,0 ops/s,0 ops/s,0 ops/s,0 ops/s,0 ops/s,0 ops/s,0 ops/s,0 ops/s,0 ops/s,0 ops/s,0 ops/s,0 ops/s,5.50 ops/s,0 ops/s
2026-06-04 17:41:00,0 ops/s,0 ops/s,0 ops/s,0 ops/s,0 ops/s,0 ops/s,0 ops/s,0 ops/s,0 ops/s,0 ops/s,0 ops/s,0 ops/s,0 ops/s,5.51 ops/s,0 ops/s
2026-06-04 17:41:30,0 ops/s,0 ops/s,0 ops/s,0 ops/s,0 ops/s,0 ops/s,0 ops/s,0 ops/s,0 ops/s,0 ops/s,0 ops/s,0 ops/s,0 ops/s,5.34 ops/s,0 ops/s
2026-06-04 17:42:00,0 ops/s,0 ops/s,0 ops/s,0 ops/s,0 ops/s,0 ops/s,0 ops/s,0 ops/s,0 ops/s,0 ops/s,0 ops/s,0 ops/s,0 ops/s,4.86 ops/s,0 ops/s
2026-06-04 17:42:30,0 ops/s,0 ops/s,0 ops/s,0 ops/s,0 ops/s,0 ops/s,0 ops/s,0 ops/s,0 ops/s,0 ops/s,0 ops/s,0 ops/s,0 ops/s,5.33 ops/s,0 ops/s
2026-06-04 17:43:00,0 ops/s,0 ops/s,0 ops/s,0 ops/s,0 ops/s,0 ops/s,0 ops/s,0 ops/s,0 ops/s,0 ops/s,0 ops/s,0 ops/s,0 ops/s,6.81 ops/s,0 ops/s
2026-06-04 17:43:30,0 ops/s,0 ops/s,0 ops/s,0 ops/s,0 ops/s,0 ops/s,0 ops/s,0 ops/s,0 ops/s,0 ops/s,0 ops/s,0 ops/s,0 ops/s,6.79 ops/s,0 ops/s
2026-06-04 17:44:00,0 ops/s,0 ops/s,0 ops/s,0 ops/s,0 ops/s,0 ops/s,0 ops/s,0 ops/s,0 ops/s,0 ops/s,0 ops/s,0 ops/s,0 ops/s,6.31 ops/s,0 ops/s
2026-06-04 17:44:30,0 ops/s,0 ops/s,0 ops/s,0 ops/s,0 ops/s,0 ops/s,0 ops/s,0 ops/s,0 ops/s,0 ops/s,0 ops/s,0 ops/s,0 ops/s,4.83 ops/s,0 ops/s
2026-06-04 17:45:00,0 ops/s,0 ops/s,0 ops/s,0 ops/s,0 ops/s,0 ops/s,0 ops/s,0 ops/s,0 ops/s,0 ops/s,0 ops/s,0 ops/s,0 ops/s,5.01 ops/s,0 ops/s
2026-06-04 17:45:30,0 ops/s,0 ops/s,0 ops/s,0 ops/s,0 ops/s,0 ops/s,0 ops/s,0 ops/s,0 ops/s,0 ops/s,0 ops/s,0 ops/s,0 ops/s,5.03 ops/s,0 ops/s
2026-06-04 17:46:00,0 ops/s,0 ops/s,0 ops/s,0 ops/s,0 ops/s,0 ops/s,0 ops/s,0 ops/s,0 ops/s,0 ops/s,0 ops/s,0 ops/s,0 ops/s,4.95 ops/s,0 ops/s
2026-06-04 17:46:30,0 ops/s,0 ops/s,0 ops/s,0 ops/s,0 ops/s,0 ops/s,0 ops/s,0 ops/s,0 ops/s,0 ops/s,0 ops/s,0 ops/s,0 ops/s,9.92 ops/s,0 ops/s
2026-06-04 17:47:00,0 ops/s,0 ops/s,0 ops/s,0 ops/s,0 ops/s,0 ops/s,0 ops/s,0 ops/s,0 ops/s,0 ops/s,0 ops/s,0 ops/s,0 ops/s,9.93 ops/s,0 ops/s
2026-06-04 17:47:30,0 ops/s,0 ops/s,0 ops/s,0 ops/s,0 ops/s,0 ops/s,0 ops/s,0 ops/s,0 ops/s,0 ops/s,0 ops/s,0 ops/s,0 ops/s,10.0 ops/s,0 ops/s
2026-06-04 17:48:00,0 ops/s,0 ops/s,0 ops/s,0 ops/s,0 ops/s,0 ops/s,0 ops/s,0 ops/s,0 ops/s,0 ops/s,0 ops/s,0 ops/s,0 ops/s,5.08 ops/s,0 ops/s
2026-06-04 17:48:30,0 ops/s,0 ops/s,0 ops/s,0 ops/s,0 ops/s,0 ops/s,0 ops/s,0 ops/s,0 ops/s,0 ops/s,0 ops/s,0 ops/s,0 ops/s,5.18 ops/s,0 ops/s
2026-06-04 17:49:00,0 ops/s,0 ops/s,0 ops/s,0 ops/s,0 ops/s,0 ops/s,0 ops/s,0 ops/s,0 ops/s,0 ops/s,0 ops/s,0 ops/s,0 ops/s,5.18 ops/s,0 ops/s
2026-06-04 17:49:30,0 ops/s,0 ops/s,0 ops/s,0 ops/s,0 ops/s,0 ops/s,0 ops/s,0 ops/s,0 ops/s,0 ops/s,0 ops/s,0 ops/s,0 ops/s,4.98 ops/s,0 ops/s
2026-06-04 17:50:00,0 ops/s,0 ops/s,0 ops/s,0 ops/s,0 ops/s,0 ops/s,0 ops/s,0 ops/s,0 ops/s,0 ops/s,0 ops/s,0 ops/s,0 ops/s,9.45 ops/s,0 ops/s
2026-06-04 17:50:30,0 ops/s,0 ops/s,0 ops/s,0 ops/s,0 ops/s,0 ops/s,0 ops/s,0 ops/s,0 ops/s,0 ops/s,0 ops/s,0 ops/s,0 ops/s,9.60 ops/s,0 ops/s
2026-06-04 17:51:00,0 ops/s,0 ops/s,0 ops/s,0 ops/s,0 ops/s,0 ops/s,0 ops/s,0 ops/s,0 ops/s,0 ops/s,0 ops/s,0 ops/s,0 ops/s,9.56 ops/s,0 ops/s
2026-06-04 17:51:30,0 ops/s,0 ops/s,0 ops/s,0 ops/s,0 ops/s,0 ops/s,0 ops/s,0 ops/s,0 ops/s,0 ops/s,0 ops/s,0 ops/s,0 ops/s,4.70 ops/s,0 ops/s
2026-06-04 17:52:00,0 ops/s,0 ops/s,0 ops/s,0 ops/s,0 ops/s,0 ops/s,0 ops/s,0 ops/s,0 ops/s,0 ops/s,0 ops/s,0 ops/s,0 ops/s,4.23 ops/s,0 ops/s
2026-06-04 17:52:30,0 ops/s,0 ops/s,0 ops/s,0 ops/s,0 ops/s,0 ops/s,0 ops/s,0 ops/s,0 ops/s,0 ops/s,0 ops/s,0 ops/s,0 ops/s,10.1 ops/s,0 ops/s
2026-06-04 17:53:00,0 ops/s,0 ops/s,0 ops/s,0 ops/s,0 ops/s,0 ops/s,0 ops/s,0 ops/s,0 ops/s,0 ops/s,0 ops/s,0 ops/s,0 ops/s,14.9 ops/s,0 ops/s
2026-06-04 17:53:30,0 ops/s,0 ops/s,0 ops/s,0 ops/s,0 ops/s,0 ops/s,0 ops/s,0 ops/s,0 ops/s,0 ops/s,0 ops/s,0 ops/s,0 ops/s,22.7 ops/s,0 ops/s
2026-06-04 17:54:00,0 ops/s,0 ops/s,0 ops/s,0 ops/s,0 ops/s,0 ops/s,0 ops/s,0 ops/s,0 ops/s,0 ops/s,0 ops/s,0 ops/s,0 ops/s,23.8 ops/s,0 ops/s
2026-06-04 17:54:30,0 ops/s,0 ops/s,0 ops/s,0 ops/s,0 ops/s,0 ops/s,0 ops/s,0 ops/s,0 ops/s,0 ops/s,0 ops/s,0 ops/s,0 ops/s,24.4 ops/s,0 ops/s
2026-06-04 17:55:00,0 ops/s,0 ops/s,0 ops/s,0 ops/s,0 ops/s,0 ops/s,0 ops/s,0 ops/s,0 ops/s,0 ops/s,0 ops/s,0 ops/s,0 ops/s,22.4 ops/s,0 ops/s
2026-06-04 17:55:30,0 ops/s,0 ops/s,0 ops/s,0 ops/s,0 ops/s,0 ops/s,0 ops/s,0 ops/s,0 ops/s,0 ops/s,0 ops/s,0 ops/s,0 ops/s,19.6 ops/s,0 ops/s
2026-06-04 17:56:00,0 ops/s,0 ops/s,0 ops/s,0 ops/s,0 ops/s,0 ops/s,0 ops/s,0 ops/s,0 ops/s,0 ops/s,0 ops/s,0 ops/s,0 ops/s,17.3 ops/s,0 ops/s
2026-06-04 17:56:30,0 ops/s,0 ops/s,0 ops/s,0 ops/s,0 ops/s,0 ops/s,0 ops/s,0 ops/s,0 ops/s,0 ops/s,0 ops/s,0 ops/s,0 ops/s,17.8 ops/s,0 ops/s
2026-06-04 17:57:00,0 ops/s,0 ops/s,0 ops/s,0 ops/s,0 ops/s,0 ops/s,0 ops/s,0 ops/s,0 ops/s,0 ops/s,0 ops/s,0 ops/s,0 ops/s,16.4 ops/s,0 ops/s
2026-06-04 17:57:30,0 ops/s,0 ops/s,0 ops/s,0 ops/s,0 ops/s,0 ops/s,0 ops/s,0 ops/s,0 ops/s,0 ops/s,0 ops/s,0 ops/s,0 ops/s,16.0 ops/s,0 ops/s
2026-06-04 17:58:00,0 ops/s,0 ops/s,0 ops/s,0 ops/s,0 ops/s,0 ops/s,0 ops/s,0 ops/s,0 ops/s,0 ops/s,0 ops/s,0 ops/s,0 ops/s,13.1 ops/s,0 ops/s
2026-06-04 17:58:30,0 ops/s,0 ops/s,0 ops/s,0 ops/s,0 ops/s,0 ops/s,0 ops/s,0 ops/s,0 ops/s,0 ops/s,0 ops/s,0 ops/s,0 ops/s,13.6 ops/s,0 ops/s
2026-06-04 17:59:00,0 ops/s,0 ops/s,0 ops/s,0 ops/s,0 ops/s,0 ops/s,0 ops/s,0 ops/s,0 ops/s,0 ops/s,0 ops/s,0 ops/s,0 ops/s,15.4 ops/s,0 ops/s
2026-06-04 17:59:30,0 ops/s,0 ops/s,0 ops/s,0 ops/s,0 ops/s,0 ops/s,0 ops/s,0 ops/s,0 ops/s,0 ops/s,0 ops/s,0 ops/s,0 ops/s,15.1 ops/s,0 ops/s
2026-06-04 18:00:00,0 ops/s,0 ops/s,0 ops/s,0 ops/s,0 ops/s,0 ops/s,0 ops/s,0 ops/s,0 ops/s,0 ops/s,0 ops/s,0 ops/s,0 ops/s,16.4 ops/s,0 ops/s
2026-06-04 18:00:30,0 ops/s,0 ops/s,0 ops/s,0 ops/s,0 ops/s,0 ops/s,0 ops/s,0 ops/s,0 ops/s,0 ops/s,0 ops/s,0 ops/s,0 ops/s,13.9 ops/s,0 ops/s
2026-06-04 18:01:00,0 ops/s,0 ops/s,0 ops/s,0 ops/s,0 ops/s,0 ops/s,0 ops/s,0 ops/s,0 ops/s,0 ops/s,0 ops/s,0 ops/s,0 ops/s,13.9 ops/s,0 ops/s
2026-06-04 18:01:30,0 ops/s,0 ops/s,0 ops/s,0 ops/s,0 ops/s,0 ops/s,0 ops/s,0 ops/s,0 ops/s,0 ops/s,0 ops/s,0 ops/s,0 ops/s,11.3 ops/s,0 ops/s
2026-06-04 18:02:00,0 ops/s,0 ops/s,0 ops/s,0 ops/s,0 ops/s,0 ops/s,0 ops/s,0 ops/s,0 ops/s,0 ops/s,0 ops/s,0 ops/s,0 ops/s,11.3 ops/s,0 ops/s
2026-06-04 18:02:30,0 ops/s,0 ops/s,0 ops/s,0 ops/s,0 ops/s,0 ops/s,0 ops/s,0 ops/s,0 ops/s,0 ops/s,0 ops/s,0 ops/s,0 ops/s,10.8 ops/s,0 ops/s
2026-06-04 18:03:00,0 ops/s,0 ops/s,0 ops/s,0 ops/s,0 ops/s,0 ops/s,0 ops/s,0 ops/s,0 ops/s,0 ops/s,0 ops/s,0 ops/s,0 ops/s,10.7 ops/s,0 ops/s
2026-06-04 18:03:30,0 ops/s,0 ops/s,0 ops/s,0 ops/s,0 ops/s,0 ops/s,0 ops/s,0 ops/s,0 ops/s,0 ops/s,0 ops/s,0 ops/s,0 ops/s,10.5 ops/s,0 ops/s
2026-06-04 18:04:00,0 ops/s,0 ops/s,0 ops/s,0 ops/s,0 ops/s,0 ops/s,0 ops/s,0 ops/s,0 ops/s,0 ops/s,0 ops/s,0 ops/s,0 ops/s,8.41 ops/s,0 ops/s
2026-06-04 18:04:30,0 ops/s,0 ops/s,0 ops/s,0 ops/s,0 ops/s,0 ops/s,0 ops/s,0 ops/s,0 ops/s,0 ops/s,0 ops/s,0 ops/s,0 ops/s,6.94 ops/s,0 ops/s
2026-06-04 18:05:00,0 ops/s,0 ops/s,0 ops/s,0 ops/s,0 ops/s,0 ops/s,0 ops/s,0 ops/s,0 ops/s,0 ops/s,0 ops/s,0 ops/s,0 ops/s,6.61 ops/s,0 ops/s
2026-06-04 18:05:30,0 ops/s,0 ops/s,0 ops/s,0 ops/s,0 ops/s,0 ops/s,0 ops/s,0 ops/s,0 ops/s,0 ops/s,0 ops/s,0 ops/s,0 ops/s,8.68 ops/s,0 ops/s
2026-06-04 18:06:00,0 ops/s,0 ops/s,0 ops/s,0 ops/s,0 ops/s,0 ops/s,0 ops/s,0 ops/s,0 ops/s,0 ops/s,0 ops/s,0 ops/s,0 ops/s,11.7 ops/s,0 ops/s
2026-06-04 18:06:30,0 ops/s,0 ops/s,0 ops/s,0 ops/s,0 ops/s,0 ops/s,0 ops/s,0 ops/s,0 ops/s,0 ops/s,0 ops/s,0 ops/s,0 ops/s,12.5 ops/s,0 ops/s
2026-06-04 18:07:00,0 ops/s,0 ops/s,0 ops/s,0 ops/s,0 ops/s,0 ops/s,0 ops/s,0 ops/s,0 ops/s,0 ops/s,0 ops/s,0 ops/s,0 ops/s,11.4 ops/s,0 ops/s
2026-06-04 18:07:30,0 ops/s,0 ops/s,0 ops/s,0 ops/s,0 ops/s,0 ops/s,0 ops/s,0 ops/s,0 ops/s,0 ops/s,0 ops/s,0 ops/s,0 ops/s,9.59 ops/s,0 ops/s
2026-06-04 18:08:00,0 ops/s,0 ops/s,0 ops/s,0 ops/s,0 ops/s,0 ops/s,0 ops/s,0 ops/s,0 ops/s,0 ops/s,0 ops/s,0 ops/s,0 ops/s,8.00 ops/s,0 ops/s
2026-06-04 18:08:30,0 ops/s,0 ops/s,0 ops/s,0 ops/s,0 ops/s,0 ops/s,0 ops/s,0 ops/s,0 ops/s,0 ops/s,0 ops/s,0 ops/s,0 ops/s,8.60 ops/s,0 ops/s
2026-06-04 18:09:00,0 ops/s,0 ops/s,0 ops/s,0 ops/s,0 ops/s,0 ops/s,0 ops/s,0 ops/s,0 ops/s,0 ops/s,0 ops/s,0 ops/s,0 ops/s,9.53 ops/s,0 ops/s
2026-06-04 18:09:30,0 ops/s,0 ops/s,0 ops/s,0 ops/s,0 ops/s,0 ops/s,0 ops/s,0 ops/s,0 ops/s,0 ops/s,0 ops/s,0 ops/s,0 ops/s,9.51 ops/s,0 ops/s
2026-06-04 18:10:00,0 ops/s,0 ops/s,0 ops/s,0 ops/s,0 ops/s,0 ops/s,0 ops/s,0 ops/s,0 ops/s,0 ops/s,0 ops/s,0 ops/s,0 ops/s,8.62 ops/s,0 ops/s
2026-06-04 18:10:30,0 ops/s,0 ops/s,0 ops/s,0 ops/s,0 ops/s,0 ops/s,0 ops/s,0 ops/s,0 ops/s,0 ops/s,0 ops/s,0 ops/s,0 ops/s,7.41 ops/s,0 ops/s
2026-06-04 18:11:00,0 ops/s,0 ops/s,0 ops/s,0 ops/s,0 ops/s,0 ops/s,0 ops/s,0 ops/s,0 ops/s,0 ops/s,0 ops/s,0 ops/s,0 ops/s,8.48 ops/s,0 ops/s
2026-06-04 18:11:30,0 ops/s,0 ops/s,0 ops/s,0 ops/s,0 ops/s,0 ops/s,0 ops/s,0 ops/s,0 ops/s,0 ops/s,0 ops/s,0 ops/s,0 ops/s,9.05 ops/s,0 ops/s
2026-06-04 18:12:00,0 ops/s,0 ops/s,0 ops/s,0 ops/s,0 ops/s,0 ops/s,0 ops/s,0 ops/s,0 ops/s,0 ops/s,0 ops/s,0 ops/s,0 ops/s,10.1 ops/s,0 ops/s
2026-06-04 18:12:30,0 ops/s,0 ops/s,0 ops/s,0 ops/s,0 ops/s,0 ops/s,0 ops/s,0 ops/s,0 ops/s,0 ops/s,0 ops/s,0 ops/s,0 ops/s,10.1 ops/s,0 ops/s
2026-06-04 18:13:00,0 ops/s,0 ops/s,0 ops/s,0 ops/s,0 ops/s,0 ops/s,0 ops/s,0 ops/s,0 ops/s,0 ops/s,0 ops/s,0 ops/s,0 ops/s,10.7 ops/s,0 ops/s
2026-06-04 18:13:30,0 ops/s,0 ops/s,0 ops/s,0 ops/s,0 ops/s,0 ops/s,0 ops/s,0 ops/s,0 ops/s,0 ops/s,0 ops/s,0 ops/s,0 ops/s,10.1 ops/s,0 ops/s
2026-06-04 18:14:00,0 ops/s,0 ops/s,0 ops/s,0 ops/s,0 ops/s,0 ops/s,0 ops/s,0 ops/s,0 ops/s,0 ops/s,0 ops/s,0 ops/s,0 ops/s,10.2 ops/s,0 ops/s
2026-06-04 18:14:30,0 ops/s,0 ops/s,0 ops/s,0 ops/s,0 ops/s,0 ops/s,0 ops/s,0 ops/s,0 ops/s,0 ops/s,0 ops/s,0 ops/s,0 ops/s,10.6 ops/s,0 ops/s
2026-06-04 18:15:00,0 ops/s,0 ops/s,0 ops/s,0 ops/s,0 ops/s,0 ops/s,0 ops/s,0 ops/s,0 ops/s,0 ops/s,0 ops/s,0 ops/s,0 ops/s,9.75 ops/s,0 ops/s
2026-06-04 18:15:30,0 ops/s,0 ops/s,0 ops/s,0 ops/s,0 ops/s,0 ops/s,0 ops/s,0 ops/s,0 ops/s,0 ops/s,0 ops/s,0 ops/s,0 ops/s,13.2 ops/s,0 ops/s
2026-06-04 18:16:00,0 ops/s,0 ops/s,0 ops/s,0 ops/s,0 ops/s,0 ops/s,0 ops/s,0 ops/s,0 ops/s,0 ops/s,0 ops/s,0 ops/s,0 ops/s,10.7 ops/s,0 ops/s
2026-06-04 18:16:30,0 ops/s,0 ops/s,0 ops/s,0 ops/s,0 ops/s,0 ops/s,0 ops/s,0 ops/s,0 ops/s,0 ops/s,0 ops/s,0 ops/s,0 ops/s,13.9 ops/s,0 ops/s
2026-06-04 18:17:00,0 ops/s,0 ops/s,0 ops/s,0 ops/s,0 ops/s,0 ops/s,0 ops/s,0 ops/s,0 ops/s,0 ops/s,0 ops/s,0 ops/s,0 ops/s,10.4 ops/s,0 ops/s
2026-06-04 18:17:30,0 ops/s,0 ops/s,0 ops/s,0 ops/s,0 ops/s,0 ops/s,0 ops/s,0 ops/s,0 ops/s,0 ops/s,0 ops/s,0 ops/s,0 ops/s,11.5 ops/s,0 ops/s
2026-06-04 18:18:00,0 ops/s,0 ops/s,0 ops/s,0 ops/s,0 ops/s,0 ops/s,0 ops/s,0 ops/s,0 ops/s,0 ops/s,0 ops/s,0 ops/s,0 ops/s,9.64 ops/s,0 ops/s
2026-06-04 18:18:30,0 ops/s,0 ops/s,0 ops/s,0 ops/s,0 ops/s,0 ops/s,0 ops/s,0 ops/s,0 ops/s,0 ops/s,0 ops/s,0 ops/s,0 ops/s,9.72 ops/s,0 ops/s
2026-06-04 18:19:00,0 ops/s,0 ops/s,0 ops/s,0 ops/s,0 ops/s,0 ops/s,0 ops/s,0 ops/s,0 ops/s,0 ops/s,0 ops/s,0 ops/s,0 ops/s,10.5 ops/s,0 ops/s
2026-06-04 18:19:30,0 ops/s,0 ops/s,0 ops/s,0 ops/s,0 ops/s,0 ops/s,0 ops/s,0 ops/s,0 ops/s,0 ops/s,0 ops/s,0 ops/s,0 ops/s,10.4 ops/s,0 ops/s
2026-06-04 18:20:00,0 ops/s,0 ops/s,0 ops/s,0 ops/s,0 ops/s,0 ops/s,0 ops/s,0 ops/s,0 ops/s,0 ops/s,0 ops/s,0 ops/s,0 ops/s,10.8 ops/s,0 ops/s
2026-06-04 18:20:30,0 ops/s,0 ops/s,0 ops/s,0 ops/s,0 ops/s,0 ops/s,0 ops/s,0 ops/s,0 ops/s,0 ops/s,0 ops/s,0 ops/s,0 ops/s,11.4 ops/s,0 ops/s
2026-06-04 18:21:00,0 ops/s,0 ops/s,0 ops/s,0 ops/s,0 ops/s,0 ops/s,0 ops/s,0 ops/s,0 ops/s,0 ops/s,0 ops/s,0 ops/s,0 ops/s,9.83 ops/s,0 ops/s
2026-06-04 18:21:30,0 ops/s,0 ops/s,0 ops/s,0 ops/s,0 ops/s,0 ops/s,0 ops/s,0 ops/s,0 ops/s,0 ops/s,0 ops/s,0 ops/s,0 ops/s,8.32 ops/s,0 ops/s
2026-06-04 18:22:00,0 ops/s,0 ops/s,0 ops/s,0 ops/s,0 ops/s,0 ops/s,0 ops/s,0 ops/s,0 ops/s,0 ops/s,0 ops/s,0 ops/s,0 ops/s,6.52 ops/s,0 ops/s
2026-06-04 18:22:30,0 ops/s,0 ops/s,0 ops/s,0 ops/s,0 ops/s,0 ops/s,0 ops/s,0 ops/s,0 ops/s,0 ops/s,0 ops/s,0 ops/s,0 ops/s,17.6 ops/s,0 ops/s
2026-06-04 18:23:00,0 ops/s,0 ops/s,0 ops/s,0 ops/s,0 ops/s,0 ops/s,0 ops/s,0 ops/s,0 ops/s,0 ops/s,0 ops/s,0 ops/s,0 ops/s,18.6 ops/s,0 ops/s
2026-06-04 18:23:30,0 ops/s,0 ops/s,0 ops/s,0 ops/s,0 ops/s,0 ops/s,0 ops/s,0 ops/s,0 ops/s,0 ops/s,0 ops/s,0 ops/s,0 ops/s,20.0 ops/s,0 ops/s
2026-06-04 18:24:00,0 ops/s,0 ops/s,0 ops/s,0 ops/s,0 ops/s,0 ops/s,0 ops/s,0 ops/s,0 ops/s,0 ops/s,0 ops/s,0 ops/s,0 ops/s,8.86 ops/s,0 ops/s
2026-06-04 18:24:30,0 ops/s,0 ops/s,0 ops/s,0 ops/s,0 ops/s,0 ops/s,0 ops/s,0 ops/s,0 ops/s,0 ops/s,0 ops/s,0 ops/s,0 ops/s,8.10 ops/s,0 ops/s
2026-06-04 18:25:00,0 ops/s,0 ops/s,0 ops/s,0 ops/s,0 ops/s,0 ops/s,0 ops/s,0 ops/s,0 ops/s,0 ops/s,0 ops/s,0 ops/s,0 ops/s,11.2 ops/s,0 ops/s
2026-06-04 18:25:30,0 ops/s,0 ops/s,0 ops/s,0 ops/s,0 ops/s,0 ops/s,0 ops/s,0 ops/s,0 ops/s,0 ops/s,0 ops/s,0 ops/s,0 ops/s,12.0 ops/s,0 ops/s
2026-06-04 18:26:00,0 ops/s,0 ops/s,0 ops/s,0 ops/s,0 ops/s,0 ops/s,0 ops/s,0 ops/s,0 ops/s,0 ops/s,0 ops/s,0 ops/s,0 ops/s,13.1 ops/s,0 ops/s
2026-06-04 18:26:30,0 ops/s,0 ops/s,0 ops/s,0 ops/s,0 ops/s,0 ops/s,0 ops/s,0 ops/s,0 ops/s,0 ops/s,0 ops/s,0 ops/s,0 ops/s,8.94 ops/s,0 ops/s
2026-06-04 18:27:00,0 ops/s,0 ops/s,0 ops/s,0 ops/s,0 ops/s,0 ops/s,0 ops/s,0 ops/s,0 ops/s,0 ops/s,0 ops/s,0 ops/s,0 ops/s,8.69 ops/s,0 ops/s
2026-06-04 18:27:30,0 ops/s,0 ops/s,0 ops/s,0 ops/s,0 ops/s,0 ops/s,0 ops/s,0 ops/s,0 ops/s,0 ops/s,0 ops/s,0 ops/s,0 ops/s,7.17 ops/s,0 ops/s
2026-06-04 18:28:00,0 ops/s,0 ops/s,0 ops/s,0 ops/s,0 ops/s,0 ops/s,0 ops/s,0 ops/s,0 ops/s,0 ops/s,0 ops/s,0 ops/s,0 ops/s,7.96 ops/s,0 ops/s
2026-06-04 18:28:30,0 ops/s,0 ops/s,0 ops/s,0 ops/s,0 ops/s,0 ops/s,0 ops/s,0 ops/s,0 ops/s,0 ops/s,0 ops/s,0 ops/s,0 ops/s,6.92 ops/s,0 ops/s
2026-06-04 18:29:00,0 ops/s,0 ops/s,0 ops/s,0 ops/s,0 ops/s,0 ops/s,0 ops/s,0 ops/s,0 ops/s,0 ops/s,0 ops/s,0 ops/s,0 ops/s,6.78 ops/s,0 ops/s
2026-06-04 18:29:30,0 ops/s,0 ops/s,0 ops/s,0 ops/s,0 ops/s,0 ops/s,0 ops/s,0 ops/s,0 ops/s,0 ops/s,0 ops/s,0 ops/s,0 ops/s,5.03 ops/s,0 ops/s
2026-06-04 18:30:00,0 ops/s,0 ops/s,0 ops/s,0 ops/s,0 ops/s,0 ops/s,0 ops/s,0 ops/s,0 ops/s,0 ops/s,0 ops/s,0 ops/s,0 ops/s,5.14 ops/s,0 ops/s
2026-06-04 18:30:30,0 ops/s,0 ops/s,0 ops/s,0 ops/s,0 ops/s,0 ops/s,0 ops/s,0 ops/s,0 ops/s,0 ops/s,0 ops/s,0 ops/s,0 ops/s,5.16 ops/s,0 ops/s
2026-06-04 18:31:00,0 ops/s,0 ops/s,0 ops/s,0 ops/s,0 ops/s,0 ops/s,0 ops/s,0 ops/s,0 ops/s,0 ops/s,0 ops/s,0 ops/s,0 ops/s,5.58 ops/s,0 ops/s
2026-06-04 18:31:30,0 ops/s,0 ops/s,0 ops/s,0 ops/s,0 ops/s,0 ops/s,0 ops/s,0 ops/s,0 ops/s,0 ops/s,0 ops/s,0 ops/s,0 ops/s,6.17 ops/s,0 ops/s
2026-06-04 18:32:00,0 ops/s,0 ops/s,0 ops/s,0 ops/s,0 ops/s,0 ops/s,0 ops/s,0 ops/s,0 ops/s,0 ops/s,0 ops/s,0 ops/s,0 ops/s,6.17 ops/s,0 ops/s
2026-06-04 18:32:30,0 ops/s,0 ops/s,0 ops/s,0 ops/s,0 ops/s,0 ops/s,0 ops/s,0 ops/s,0 ops/s,0 ops/s,0 ops/s,0 ops/s,0 ops/s,9.42 ops/s,0 ops/s
2026-06-04 18:33:00,0 ops/s,0 ops/s,0 ops/s,0 ops/s,0 ops/s,0 ops/s,0 ops/s,0 ops/s,0 ops/s,0 ops/s,0 ops/s,0 ops/s,0 ops/s,11.3 ops/s,0 ops/s
2026-06-04 18:33:30,0 ops/s,0 ops/s,0 ops/s,0 ops/s,0 ops/s,0 ops/s,0 ops/s,0 ops/s,0 ops/s,0 ops/s,0 ops/s,0 ops/s,0 ops/s,11.6 ops/s,0 ops/s
2026-06-04 18:34:00,0 ops/s,0 ops/s,0 ops/s,0 ops/s,0 ops/s,0 ops/s,0 ops/s,0 ops/s,0 ops/s,0 ops/s,0 ops/s,0 ops/s,0 ops/s,8.00 ops/s,0 ops/s
2026-06-04 18:34:30,0 ops/s,0 ops/s,0 ops/s,0 ops/s,0 ops/s,0 ops/s,0 ops/s,0 ops/s,0 ops/s,0 ops/s,0 ops/s,0 ops/s,0 ops/s,5.40 ops/s,0 ops/s
2026-06-04 18:35:00,0 ops/s,0 ops/s,0 ops/s,0 ops/s,0 ops/s,0 ops/s,0 ops/s,0 ops/s,0 ops/s,0 ops/s,0 ops/s,0 ops/s,0 ops/s,5.21 ops/s,0 ops/s
2026-06-04 18:35:30,0 ops/s,0 ops/s,0 ops/s,0 ops/s,0 ops/s,0 ops/s,0 ops/s,0 ops/s,0 ops/s,0 ops/s,0 ops/s,0 ops/s,0 ops/s,5.14 ops/s,0 ops/s
2026-06-04 18:36:00,0 ops/s,0 ops/s,0 ops/s,0 ops/s,0 ops/s,0 ops/s,0 ops/s,0 ops/s,0 ops/s,0 ops/s,0 ops/s,0 ops/s,0 ops/s,5.08 ops/s,0 ops/s
2026-06-04 18:36:30,0 ops/s,0 ops/s,0 ops/s,0 ops/s,0 ops/s,0 ops/s,0 ops/s,0 ops/s,0 ops/s,0 ops/s,0 ops/s,0 ops/s,0 ops/s,4.81 ops/s,0 ops/s
2026-06-04 18:37:00,0 ops/s,0 ops/s,0 ops/s,0 ops/s,0 ops/s,0 ops/s,0 ops/s,0 ops/s,0 ops/s,0 ops/s,0 ops/s,0 ops/s,0 ops/s,4.94 ops/s,0 ops/s
2026-06-04 18:37:30,0 ops/s,0 ops/s,0 ops/s,0 ops/s,0 ops/s,0 ops/s,0 ops/s,0 ops/s,0 ops/s,0 ops/s,0 ops/s,0 ops/s,0 ops/s,4.99 ops/s,0 ops/s
2026-06-04 18:38:00,0 ops/s,0 ops/s,0 ops/s,0 ops/s,0 ops/s,0 ops/s,0 ops/s,0 ops/s,0 ops/s,0 ops/s,0 ops/s,0 ops/s,0 ops/s,5.04 ops/s,0 ops/s
2026-06-04 18:38:30,0 ops/s,0 ops/s,0 ops/s,0 ops/s,0 ops/s,0 ops/s,0 ops/s,0 ops/s,0 ops/s,0 ops/s,0 ops/s,0 ops/s,0 ops/s,4.88 ops/s,0 ops/s
2026-06-04 18:39:00,0 ops/s,0 ops/s,0 ops/s,0 ops/s,0 ops/s,0 ops/s,0 ops/s,0 ops/s,0 ops/s,0 ops/s,0 ops/s,0 ops/s,0 ops/s,4.92 ops/s,0 ops/s
2026-06-04 18:39:30,0 ops/s,0 ops/s,0 ops/s,0 ops/s,0 ops/s,0 ops/s,0 ops/s,0 ops/s,0 ops/s,0 ops/s,0 ops/s,0 ops/s,0 ops/s,4.86 ops/s,0 ops/s
2026-06-04 18:40:00,0 ops/s,0 ops/s,0 ops/s,0 ops/s,0 ops/s,0 ops/s,0 ops/s,0 ops/s,0 ops/s,0 ops/s,0 ops/s,0 ops/s,0 ops/s,5.12 ops/s,0 ops/s
2026-06-04 18:40:30,0 ops/s,0 ops/s,0 ops/s,0 ops/s,0 ops/s,0 ops/s,0 ops/s,0 ops/s,0 ops/s,0 ops/s,0 ops/s,0 ops/s,0 ops/s,5.13 ops/s,0 ops/s
2026-06-04 18:41:00,0 ops/s,0 ops/s,0 ops/s,0 ops/s,0 ops/s,0 ops/s,0 ops/s,0 ops/s,0 ops/s,0 ops/s,0 ops/s,0 ops/s,0 ops/s,5.16 ops/s,0 ops/s
2026-06-04 18:41:30,0 ops/s,0 ops/s,0 ops/s,0 ops/s,0 ops/s,0 ops/s,0 ops/s,0 ops/s,0 ops/s,0 ops/s,0 ops/s,0 ops/s,0 ops/s,4.86 ops/s,0 ops/s
2026-06-04 18:42:00,0 ops/s,0 ops/s,0 ops/s,0 ops/s,0 ops/s,0 ops/s,0 ops/s,0 ops/s,0 ops/s,0 ops/s,0 ops/s,0 ops/s,0 ops/s,4.80 ops/s,0 ops/s
2026-06-04 18:42:30,0 ops/s,0 ops/s,0 ops/s,0 ops/s,0 ops/s,0 ops/s,0 ops/s,0 ops/s,0 ops/s,0 ops/s,0 ops/s,0 ops/s,0 ops/s,4.81 ops/s,0 ops/s
2026-06-04 18:43:00,0 ops/s,0 ops/s,0 ops/s,0 ops/s,0 ops/s,0 ops/s,0 ops/s,0 ops/s,0 ops/s,0 ops/s,0 ops/s,0 ops/s,0 ops/s,4.83 ops/s,0 ops/s
2026-06-04 18:43:30,0 ops/s,0 ops/s,0 ops/s,0 ops/s,0 ops/s,0 ops/s,0 ops/s,0 ops/s,0 ops/s,0 ops/s,0 ops/s,0 ops/s,0 ops/s,4.88 ops/s,0 ops/s
2026-06-04 18:44:00,0 ops/s,0 ops/s,0 ops/s,0 ops/s,0 ops/s,0 ops/s,0 ops/s,0 ops/s,0 ops/s,0 ops/s,0 ops/s,0 ops/s,0 ops/s,4.89 ops/s,0 ops/s
2026-06-04 18:44:30,0 ops/s,0 ops/s,0 ops/s,0 ops/s,0 ops/s,0 ops/s,0 ops/s,0 ops/s,0 ops/s,0 ops/s,0 ops/s,0 ops/s,0 ops/s,4.98 ops/s,0 ops/s
2026-06-04 18:45:00,0 ops/s,0 ops/s,0 ops/s,0 ops/s,0 ops/s,0 ops/s,0 ops/s,0 ops/s,0 ops/s,0 ops/s,0 ops/s,0 ops/s,0 ops/s,5.11 ops/s,0 ops/s
2026-06-04 18:45:30,0 ops/s,0 ops/s,0 ops/s,0 ops/s,0 ops/s,0 ops/s,0 ops/s,0 ops/s,0 ops/s,0 ops/s,0 ops/s,0 ops/s,0 ops/s,5.06 ops/s,0 ops/s
2026-06-04 18:46:00,0 ops/s,0 ops/s,0 ops/s,0 ops/s,0 ops/s,0 ops/s,0 ops/s,0 ops/s,0 ops/s,0 ops/s,0 ops/s,0 ops/s,0 ops/s,4.74 ops/s,0 ops/s
2026-06-04 18:46:30,0 ops/s,0 ops/s,0 ops/s,0 ops/s,0 ops/s,0 ops/s,0 ops/s,0 ops/s,0 ops/s,0 ops/s,0 ops/s,0 ops/s,0 ops/s,4.44 ops/s,0 ops/s
2026-06-04 18:47:00,0 ops/s,0 ops/s,0 ops/s,0 ops/s,0 ops/s,0 ops/s,0 ops/s,0 ops/s,0 ops/s,0 ops/s,0 ops/s,0 ops/s,0 ops/s,4.36 ops/s,0 ops/s
2026-06-04 18:47:30,0 ops/s,0 ops/s,0 ops/s,0 ops/s,0 ops/s,0 ops/s,0 ops/s,0 ops/s,0 ops/s,0 ops/s,0 ops/s,0 ops/s,0 ops/s,4.63 ops/s,0 ops/s
2026-06-04 18:48:00,0 ops/s,0 ops/s,0 ops/s,0 ops/s,0 ops/s,0 ops/s,0 ops/s,0 ops/s,0 ops/s,0 ops/s,0 ops/s,0 ops/s,0 ops/s,4.74 ops/s,0 ops/s
2026-06-04 18:48:30,0 ops/s,0 ops/s,0 ops/s,0 ops/s,0 ops/s,0 ops/s,0 ops/s,0 ops/s,0 ops/s,0 ops/s,0 ops/s,0 ops/s,0 ops/s,4.87 ops/s,0 ops/s
2026-06-04 18:49:00,0 ops/s,0 ops/s,0 ops/s,0 ops/s,0 ops/s,0 ops/s,0 ops/s,0 ops/s,0 ops/s,0 ops/s,0 ops/s,0 ops/s,0 ops/s,5.19 ops/s,0 ops/s
2026-06-04 18:49:30,0 ops/s,0 ops/s,0 ops/s,0 ops/s,0 ops/s,0 ops/s,0 ops/s,0 ops/s,0 ops/s,0 ops/s,0 ops/s,0 ops/s,0 ops/s,5.19 ops/s,0 ops/s
2026-06-04 18:50:00,0 ops/s,0 ops/s,0 ops/s,0 ops/s,0 ops/s,0 ops/s,0 ops/s,0 ops/s,0 ops/s,0 ops/s,0 ops/s,0 ops/s,0 ops/s,6.88 ops/s,0 ops/s
2026-06-04 18:50:30,0 ops/s,0 ops/s,0 ops/s,0 ops/s,0 ops/s,0 ops/s,0 ops/s,0 ops/s,0 ops/s,0 ops/s,0 ops/s,0 ops/s,0 ops/s,6.62 ops/s,0 ops/s
2026-06-04 18:51:00,0 ops/s,0 ops/s,0 ops/s,0 ops/s,0 ops/s,0 ops/s,0 ops/s,0 ops/s,0 ops/s,0 ops/s,0 ops/s,0 ops/s,0 ops/s,6.68 ops/s,0 ops/s
2026-06-04 18:51:30,0 ops/s,0 ops/s,0 ops/s,0 ops/s,0 ops/s,0 ops/s,0 ops/s,0 ops/s,0 ops/s,0 ops/s,0 ops/s,0 ops/s,0 ops/s,5.01 ops/s,0 ops/s
2026-06-04 18:52:00,0 ops/s,0 ops/s,0 ops/s,0 ops/s,0 ops/s,0 ops/s,0 ops/s,0 ops/s,0 ops/s,0 ops/s,0 ops/s,0 ops/s,0 ops/s,4.91 ops/s,0 ops/s
2026-06-04 18:52:30,0 ops/s,0 ops/s,0 ops/s,0 ops/s,0 ops/s,0 ops/s,0 ops/s,0 ops/s,0 ops/s,0 ops/s,0 ops/s,0 ops/s,0 ops/s,4.84 ops/s,0 ops/s
2026-06-04 18:53:00,0 ops/s,0 ops/s,0 ops/s,0 ops/s,0 ops/s,0 ops/s,0 ops/s,0 ops/s,0 ops/s,0 ops/s,0 ops/s,0 ops/s,0 ops/s,4.90 ops/s,0 ops/s
2026-06-04 18:53:30,0 ops/s,0 ops/s,0 ops/s,0 ops/s,0 ops/s,0 ops/s,0 ops/s,0 ops/s,0 ops/s,0 ops/s,0 ops/s,0 ops/s,0 ops/s,4.89 ops/s,0 ops/s
2026-06-04 18:54:00,0 ops/s,0 ops/s,0 ops/s,0 ops/s,0 ops/s,0 ops/s,0 ops/s,0 ops/s,0 ops/s,0 ops/s,0 ops/s,0 ops/s,0 ops/s,4.91 ops/s,0 ops/s
2026-06-04 18:54:30,0 ops/s,0 ops/s,0 ops/s,0 ops/s,0 ops/s,0 ops/s,0 ops/s,0 ops/s,0 ops/s,0 ops/s,0 ops/s,0 ops/s,0 ops/s,4.92 ops/s,0 ops/s
2026-06-04 18:55:00,0 ops/s,0 ops/s,0 ops/s,0 ops/s,0 ops/s,0 ops/s,0 ops/s,0 ops/s,0 ops/s,0 ops/s,0 ops/s,0 ops/s,0 ops/s,5.11 ops/s,0 ops/s
2026-06-04 18:55:30,0 ops/s,0 ops/s,0 ops/s,0 ops/s,0 ops/s,0 ops/s,0 ops/s,0 ops/s,0 ops/s,0 ops/s,0 ops/s,0 ops/s,0 ops/s,5.21 ops/s,0 ops/s
2026-06-04 18:56:00,0 ops/s,0 ops/s,0 ops/s,0 ops/s,0 ops/s,0 ops/s,0 ops/s,0 ops/s,0 ops/s,0 ops/s,0 ops/s,0 ops/s,0 ops/s,5.18 ops/s,0 ops/s
2026-06-04 18:56:30,0 ops/s,0 ops/s,0 ops/s,0 ops/s,0 ops/s,0 ops/s,0 ops/s,0 ops/s,0 ops/s,0 ops/s,0 ops/s,0 ops/s,0 ops/s,5.36 ops/s,0 ops/s
2026-06-04 18:57:00,0 ops/s,0 ops/s,0 ops/s,0 ops/s,0 ops/s,0 ops/s,0 ops/s,0 ops/s,0 ops/s,0 ops/s,0 ops/s,0 ops/s,0 ops/s,5.21 ops/s,0 ops/s
2026-06-04 18:57:30,0 ops/s,0 ops/s,0 ops/s,0 ops/s,0 ops/s,0 ops/s,0 ops/s,0 ops/s,0 ops/s,0 ops/s,0 ops/s,0 ops/s,0 ops/s,5.22 ops/s,0 ops/s
2026-06-04 18:58:00,0 ops/s,0 ops/s,0 ops/s,0 ops/s,0 ops/s,0 ops/s,0 ops/s,0 ops/s,0 ops/s,0 ops/s,0 ops/s,0 ops/s,0 ops/s,4.87 ops/s,0 ops/s
2026-06-04 18:58:30,0 ops/s,0 ops/s,0 ops/s,0 ops/s,0 ops/s,0 ops/s,0 ops/s,0 ops/s,0 ops/s,0 ops/s,0 ops/s,0 ops/s,0 ops/s,4.94 ops/s,0 ops/s
2026-06-04 18:59:00,0 ops/s,0 ops/s,0 ops/s,0 ops/s,0 ops/s,0 ops/s,0 ops/s,0 ops/s,0 ops/s,0 ops/s,0 ops/s,0 ops/s,0 ops/s,4.88 ops/s,0 ops/s
2026-06-04 18:59:30,0 ops/s,0 ops/s,0 ops/s,0 ops/s,0 ops/s,0 ops/s,0 ops/s,0 ops/s,0 ops/s,0 ops/s,0 ops/s,0 ops/s,0 ops/s,4.99 ops/s,0 ops/s
2026-06-04 19:00:00,0 ops/s,0 ops/s,0 ops/s,0 ops/s,0 ops/s,0 ops/s,0 ops/s,0 ops/s,0 ops/s,0 ops/s,0 ops/s,0 ops/s,0 ops/s,5.13 ops/s,0 ops/s
2026-06-04 19:00:30,0 ops/s,0 ops/s,0 ops/s,0 ops/s,0 ops/s,0 ops/s,0 ops/s,0 ops/s,0 ops/s,0 ops/s,0 ops/s,0 ops/s,0 ops/s,5.66 ops/s,0 ops/s
2026-06-04 19:01:00,0 ops/s,0 ops/s,0 ops/s,0 ops/s,0 ops/s,0 ops/s,0 ops/s,0 ops/s,0 ops/s,0 ops/s,0 ops/s,0 ops/s,0 ops/s,5.50 ops/s,0 ops/s
2026-06-04 19:01:30,0 ops/s,0 ops/s,0 ops/s,0 ops/s,0 ops/s,0 ops/s,0 ops/s,0 ops/s,0 ops/s,0 ops/s,0 ops/s,0 ops/s,0 ops/s,5.49 ops/s,0 ops/s
2026-06-04 19:02:00,0 ops/s,0 ops/s,0 ops/s,0 ops/s,0 ops/s,0 ops/s,0 ops/s,0 ops/s,0 ops/s,0 ops/s,0 ops/s,0 ops/s,0 ops/s,4.90 ops/s,0 ops/s
2026-06-04 19:02:30,0 ops/s,0 ops/s,0 ops/s,0 ops/s,0 ops/s,0 ops/s,0 ops/s,0 ops/s,0 ops/s,0 ops/s,0 ops/s,0 ops/s,0 ops/s,4.72 ops/s,0 ops/s
2026-06-04 19:03:00,0 ops/s,0 ops/s,0 ops/s,0 ops/s,0 ops/s,0 ops/s,0 ops/s,0 ops/s,0 ops/s,0 ops/s,0 ops/s,0 ops/s,0 ops/s,4.34 ops/s,0 ops/s
2026-06-04 19:03:30,0 ops/s,0 ops/s,0 ops/s,0 ops/s,0 ops/s,0 ops/s,0 ops/s,0 ops/s,0 ops/s,0 ops/s,0 ops/s,0 ops/s,0 ops/s,4.36 ops/s,0 ops/s
2026-06-04 19:04:00,0 ops/s,0 ops/s,0 ops/s,0 ops/s,0 ops/s,0 ops/s,0 ops/s,0 ops/s,0 ops/s,0 ops/s,0 ops/s,0 ops/s,0 ops/s,4.52 ops/s,0 ops/s
2026-06-04 19:04:30,0 ops/s,0 ops/s,0 ops/s,0 ops/s,0 ops/s,0 ops/s,0 ops/s,0 ops/s,0 ops/s,0 ops/s,0 ops/s,0 ops/s,0 ops/s,4.74 ops/s,0 ops/s
2026-06-04 19:05:00,0 ops/s,0 ops/s,0 ops/s,0 ops/s,0 ops/s,0 ops/s,0 ops/s,0 ops/s,0 ops/s,0 ops/s,0 ops/s,0 ops/s,0 ops/s,4.91 ops/s,0 ops/s
2026-06-04 19:05:30,0 ops/s,0 ops/s,0 ops/s,0 ops/s,0 ops/s,0 ops/s,0 ops/s,0 ops/s,0 ops/s,0 ops/s,0 ops/s,0 ops/s,0 ops/s,5.49 ops/s,0 ops/s
2026-06-04 19:06:00,0 ops/s,0 ops/s,0 ops/s,0 ops/s,0 ops/s,0 ops/s,0 ops/s,0 ops/s,0 ops/s,0 ops/s,0 ops/s,0 ops/s,0 ops/s,5.69 ops/s,0 ops/s
2026-06-04 19:06:30,0 ops/s,0 ops/s,0 ops/s,0 ops/s,0 ops/s,0 ops/s,0 ops/s,0 ops/s,0 ops/s,0 ops/s,0 ops/s,0 ops/s,0 ops/s,7.31 ops/s,0 ops/s
2026-06-04 19:07:00,0 ops/s,0 ops/s,0 ops/s,0 ops/s,0 ops/s,0 ops/s,0 ops/s,0 ops/s,0 ops/s,0 ops/s,0 ops/s,0 ops/s,0 ops/s,6.77 ops/s,0 ops/s
2026-06-04 19:07:30,0 ops/s,0 ops/s,0 ops/s,0 ops/s,0 ops/s,0 ops/s,0 ops/s,0 ops/s,0 ops/s,0 ops/s,0 ops/s,0 ops/s,0 ops/s,6.52 ops/s,0 ops/s
2026-06-04 19:08:00,0 ops/s,0 ops/s,0 ops/s,0 ops/s,0 ops/s,0 ops/s,0 ops/s,0 ops/s,0 ops/s,0 ops/s,0 ops/s,0 ops/s,0 ops/s,4.80 ops/s,0 ops/s
2026-06-04 19:08:30,0 ops/s,0 ops/s,0 ops/s,0 ops/s,0 ops/s,0 ops/s,0 ops/s,0 ops/s,0 ops/s,0 ops/s,0 ops/s,0 ops/s,0 ops/s,4.88 ops/s,0 ops/s
2026-06-04 19:09:00,0 ops/s,0 ops/s,0 ops/s,0 ops/s,0 ops/s,0 ops/s,0 ops/s,0 ops/s,0 ops/s,0 ops/s,0 ops/s,0 ops/s,0 ops/s,4.91 ops/s,0 ops/s
2026-06-04 19:09:30,0 ops/s,0 ops/s,0 ops/s,0 ops/s,0 ops/s,0 ops/s,0 ops/s,0 ops/s,0 ops/s,0 ops/s,0 ops/s,0 ops/s,0 ops/s,4.91 ops/s,0 ops/s
2026-06-04 19:10:00,0 ops/s,0 ops/s,0 ops/s,0 ops/s,0 ops/s,0 ops/s,0 ops/s,0 ops/s,0 ops/s,0 ops/s,0 ops/s,0 ops/s,0 ops/s,5.02 ops/s,0 ops/s
2026-06-04 19:10:30,0 ops/s,0 ops/s,0 ops/s,0 ops/s,0 ops/s,0 ops/s,0 ops/s,0 ops/s,0 ops/s,0 ops/s,0 ops/s,0 ops/s,0 ops/s,5.10 ops/s,0 ops/s
2026-06-04 19:11:00,0 ops/s,0 ops/s,0 ops/s,0 ops/s,0 ops/s,0 ops/s,0 ops/s,0 ops/s,0 ops/s,0 ops/s,0 ops/s,0 ops/s,0 ops/s,5.16 ops/s,0 ops/s
2026-06-04 19:11:30,0 ops/s,0 ops/s,0 ops/s,0 ops/s,0 ops/s,0 ops/s,0 ops/s,0 ops/s,0 ops/s,0 ops/s,0 ops/s,0 ops/s,0 ops/s,4.99 ops/s,0 ops/s
2026-06-04 19:12:00,0 ops/s,0 ops/s,0 ops/s,0 ops/s,0 ops/s,0 ops/s,0 ops/s,0 ops/s,0 ops/s,0 ops/s,0 ops/s,0 ops/s,0 ops/s,4.91 ops/s,0 ops/s
2026-06-04 19:12:30,0 ops/s,0 ops/s,0 ops/s,0 ops/s,0 ops/s,0 ops/s,0 ops/s,0 ops/s,0 ops/s,0 ops/s,0 ops/s,0 ops/s,0 ops/s,4.81 ops/s,0 ops/s
2026-06-04 19:13:00,0 ops/s,0 ops/s,0 ops/s,0 ops/s,0 ops/s,0 ops/s,0 ops/s,0 ops/s,0 ops/s,0 ops/s,0 ops/s,0 ops/s,0 ops/s,4.83 ops/s,0 ops/s
2026-06-04 19:13:30,0 ops/s,0 ops/s,0 ops/s,0 ops/s,0 ops/s,0 ops/s,0 ops/s,0 ops/s,0 ops/s,0 ops/s,0 ops/s,0 ops/s,0 ops/s,4.87 ops/s,0 ops/s
2026-06-04 19:14:00,0 ops/s,0 ops/s,0 ops/s,0 ops/s,0 ops/s,0 ops/s,0 ops/s,0 ops/s,0 ops/s,0 ops/s,0 ops/s,0 ops/s,0 ops/s,5.00 ops/s,0 ops/s
2026-06-04 19:14:30,0 ops/s,0 ops/s,0 ops/s,0 ops/s,0 ops/s,0 ops/s,0 ops/s,0 ops/s,0 ops/s,0 ops/s,0 ops/s,0 ops/s,0 ops/s,5.00 ops/s,0 ops/s
2026-06-04 19:15:00,0 ops/s,0 ops/s,0 ops/s,0 ops/s,0 ops/s,0 ops/s,0 ops/s,0 ops/s,0 ops/s,0 ops/s,0 ops/s,0 ops/s,0 ops/s,5.10 ops/s,0 ops/s
2026-06-04 19:15:30,0 ops/s,0 ops/s,0 ops/s,0 ops/s,0 ops/s,0 ops/s,0 ops/s,0 ops/s,0 ops/s,0 ops/s,0 ops/s,0 ops/s,0 ops/s,5.06 ops/s,0 ops/s
2026-06-04 19:16:00,0 ops/s,0 ops/s,0 ops/s,0 ops/s,0 ops/s,0 ops/s,0 ops/s,0 ops/s,0 ops/s,0 ops/s,0 ops/s,0 ops/s,0 ops/s,5.36 ops/s,0 ops/s
2026-06-04 19:16:30,0 ops/s,0 ops/s,0 ops/s,0 ops/s,0 ops/s,0 ops/s,0 ops/s,0 ops/s,0 ops/s,0 ops/s,0 ops/s,0 ops/s,0 ops/s,5.28 ops/s,0 ops/s
2026-06-04 19:17:00,0 ops/s,0 ops/s,0 ops/s,0 ops/s,0 ops/s,0 ops/s,0 ops/s,0 ops/s,0 ops/s,0 ops/s,0 ops/s,0 ops/s,0 ops/s,5.24 ops/s,0 ops/s
2026-06-04 19:17:30,0 ops/s,0 ops/s,0 ops/s,0 ops/s,0 ops/s,0 ops/s,0 ops/s,0 ops/s,0 ops/s,0 ops/s,0 ops/s,0 ops/s,0 ops/s,4.94 ops/s,0 ops/s
2026-06-04 19:18:00,0 ops/s,0 ops/s,0 ops/s,0 ops/s,0 ops/s,0 ops/s,0 ops/s,0 ops/s,0 ops/s,0 ops/s,0 ops/s,0 ops/s,0 ops/s,4.87 ops/s,0 ops/s
2026-06-04 19:18:30,0 ops/s,0 ops/s,0 ops/s,0 ops/s,0 ops/s,0 ops/s,0 ops/s,0 ops/s,0 ops/s,0 ops/s,0 ops/s,0 ops/s,0 ops/s,4.89 ops/s,0 ops/s
2026-06-04 19:19:00,0 ops/s,0 ops/s,0 ops/s,0 ops/s,0 ops/s,0 ops/s,0 ops/s,0 ops/s,0 ops/s,0 ops/s,0 ops/s,0 ops/s,0 ops/s,4.89 ops/s,0 ops/s
2026-06-04 19:19:30,0 ops/s,0 ops/s,0 ops/s,0 ops/s,0 ops/s,0 ops/s,0 ops/s,0 ops/s,0 ops/s,0 ops/s,0 ops/s,0 ops/s,0 ops/s,4.69 ops/s,0 ops/s
2026-06-04 19:20:00,0 ops/s,0 ops/s,0 ops/s,0 ops/s,0 ops/s,0 ops/s,0 ops/s,0 ops/s,0 ops/s,0 ops/s,0 ops/s,0 ops/s,0 ops/s,4.57 ops/s,0 ops/s
2026-06-04 19:20:30,0 ops/s,0 ops/s,0 ops/s,0 ops/s,0 ops/s,0 ops/s,0 ops/s,0 ops/s,0 ops/s,0 ops/s,0 ops/s,0 ops/s,0 ops/s,4.59 ops/s,0 ops/s
2026-06-04 19:21:00,0 ops/s,0 ops/s,0 ops/s,0 ops/s,0 ops/s,0 ops/s,0 ops/s,0 ops/s,0 ops/s,0 ops/s,0 ops/s,0 ops/s,0 ops/s,4.86 ops/s,0 ops/s
2026-06-04 19:21:30,0 ops/s,0 ops/s,0 ops/s,0 ops/s,0 ops/s,0 ops/s,0 ops/s,0 ops/s,0 ops/s,0 ops/s,0 ops/s,0 ops/s,0 ops/s,5.03 ops/s,0 ops/s
2026-06-04 19:22:00,0 ops/s,0 ops/s,0 ops/s,0 ops/s,0 ops/s,0 ops/s,0 ops/s,0 ops/s,0 ops/s,0 ops/s,0 ops/s,0 ops/s,0 ops/s,5.00 ops/s,0 ops/s
2026-06-04 19:22:30,0 ops/s,0 ops/s,0 ops/s,0 ops/s,0 ops/s,0 ops/s,0 ops/s,0 ops/s,0 ops/s,0 ops/s,0 ops/s,0 ops/s,0 ops/s,5.41 ops/s,0 ops/s
2026-06-04 19:23:00,0 ops/s,0 ops/s,0 ops/s,0 ops/s,0 ops/s,0 ops/s,0 ops/s,0 ops/s,0 ops/s,0 ops/s,0 ops/s,0 ops/s,0 ops/s,6.90 ops/s,0 ops/s
2026-06-04 19:23:30,0 ops/s,0 ops/s,0 ops/s,0 ops/s,0 ops/s,0 ops/s,0 ops/s,0 ops/s,0 ops/s,0 ops/s,0 ops/s,0 ops/s,0 ops/s,6.93 ops/s,0 ops/s
2026-06-04 19:24:00,0 ops/s,0 ops/s,0 ops/s,0 ops/s,0 ops/s,0 ops/s,0 ops/s,0 ops/s,0 ops/s,0 ops/s,0 ops/s,0 ops/s,0 ops/s,6.49 ops/s,0 ops/s
2026-06-04 19:24:30,0 ops/s,0 ops/s,0 ops/s,0 ops/s,0 ops/s,0 ops/s,0 ops/s,0 ops/s,0 ops/s,0 ops/s,0 ops/s,0 ops/s,0 ops/s,4.93 ops/s,0 ops/s
2026-06-04 19:25:00,0 ops/s,0 ops/s,0 ops/s,0 ops/s,0 ops/s,0 ops/s,0 ops/s,0 ops/s,0 ops/s,0 ops/s,0 ops/s,0 ops/s,0 ops/s,5.04 ops/s,0 ops/s
2026-06-04 19:25:30,0 ops/s,0 ops/s,0 ops/s,0 ops/s,0 ops/s,0 ops/s,0 ops/s,0 ops/s,0 ops/s,0 ops/s,0 ops/s,0 ops/s,0 ops/s,5.28 ops/s,0 ops/s
2026-06-04 19:26:00,0 ops/s,0 ops/s,0 ops/s,0 ops/s,0 ops/s,0 ops/s,0 ops/s,0 ops/s,0 ops/s,0 ops/s,0 ops/s,0 ops/s,0 ops/s,5.30 ops/s,0 ops/s
2026-06-04 19:26:30,0 ops/s,0 ops/s,0 ops/s,0 ops/s,0 ops/s,0 ops/s,0 ops/s,0 ops/s,0 ops/s,0 ops/s,0 ops/s,0 ops/s,0 ops/s,5.18 ops/s,0 ops/s
2026-06-04 19:27:00,0 ops/s,0 ops/s,0 ops/s,0 ops/s,0 ops/s,0 ops/s,0 ops/s,0 ops/s,0 ops/s,0 ops/s,0 ops/s,0 ops/s,0 ops/s,4.91 ops/s,0 ops/s
2026-06-04 19:27:30,0 ops/s,0 ops/s,0 ops/s,0 ops/s,0 ops/s,0 ops/s,0 ops/s,0 ops/s,0 ops/s,0 ops/s,0 ops/s,0 ops/s,0 ops/s,4.90 ops/s,0 ops/s
2026-06-04 19:28:00,0 ops/s,0 ops/s,0 ops/s,0 ops/s,0 ops/s,0 ops/s,0 ops/s,0 ops/s,0 ops/s,0 ops/s,0 ops/s,0 ops/s,0 ops/s,4.81 ops/s,0 ops/s
2026-06-04 19:28:30,0 ops/s,0 ops/s,0 ops/s,0 ops/s,0 ops/s,0 ops/s,0 ops/s,0 ops/s,0 ops/s,0 ops/s,0 ops/s,0 ops/s,0 ops/s,4.79 ops/s,0 ops/s
2026-06-04 19:29:00,0 ops/s,0 ops/s,0 ops/s,0 ops/s,0 ops/s,0 ops/s,0 ops/s,0 ops/s,0 ops/s,0 ops/s,0 ops/s,0 ops/s,0 ops/s,4.79 ops/s,0 ops/s
2026-06-04 19:29:30,0 ops/s,0 ops/s,0 ops/s,0 ops/s,0 ops/s,0 ops/s,0 ops/s,0 ops/s,0 ops/s,0 ops/s,0 ops/s,0 ops/s,0 ops/s,4.87 ops/s,0 ops/s
2026-06-04 19:30:00,0 ops/s,0 ops/s,0 ops/s,0 ops/s,0 ops/s,0 ops/s,0 ops/s,0 ops/s,0 ops/s,0 ops/s,0 ops/s,0 ops/s,0 ops/s,5.08 ops/s,0 ops/s
2026-06-04 19:30:30,0 ops/s,0 ops/s,0 ops/s,0 ops/s,0 ops/s,0 ops/s,0 ops/s,0 ops/s,0 ops/s,0 ops/s,0 ops/s,0 ops/s,0 ops/s,5.14 ops/s,0 ops/s
2026-06-04 19:31:00,0 ops/s,0 ops/s,0 ops/s,0 ops/s,0 ops/s,0 ops/s,0 ops/s,0 ops/s,0 ops/s,0 ops/s,0 ops/s,0 ops/s,0 ops/s,5.10 ops/s,0 ops/s
2026-06-04 19:31:30,0 ops/s,0 ops/s,0 ops/s,0 ops/s,0 ops/s,0 ops/s,0 ops/s,0 ops/s,0 ops/s,0 ops/s,0 ops/s,0 ops/s,0 ops/s,4.94 ops/s,0 ops/s
2026-06-04 19:32:00,0 ops/s,0 ops/s,0 ops/s,0 ops/s,0 ops/s,0 ops/s,0 ops/s,0 ops/s,0 ops/s,0 ops/s,0 ops/s,0 ops/s,0 ops/s,5.43 ops/s,0 ops/s
2026-06-04 19:32:30,0 ops/s,0 ops/s,0 ops/s,0 ops/s,0 ops/s,0 ops/s,0 ops/s,0 ops/s,0 ops/s,0 ops/s,0 ops/s,0 ops/s,0 ops/s,5.46 ops/s,0 ops/s
2026-06-04 19:33:00,0 ops/s,0 ops/s,0 ops/s,0 ops/s,0 ops/s,0 ops/s,0 ops/s,0 ops/s,0 ops/s,0 ops/s,0 ops/s,0 ops/s,0 ops/s,5.50 ops/s,0 ops/s
2026-06-04 19:33:30,0 ops/s,0 ops/s,0 ops/s,0 ops/s,0 ops/s,0 ops/s,0 ops/s,0 ops/s,0 ops/s,0 ops/s,0 ops/s,0 ops/s,0 ops/s,4.69 ops/s,0 ops/s
2026-06-04 19:34:00,0 ops/s,0 ops/s,0 ops/s,0 ops/s,0 ops/s,0 ops/s,0 ops/s,0 ops/s,0 ops/s,0 ops/s,0 ops/s,0 ops/s,0 ops/s,4.47 ops/s,0 ops/s
2026-06-04 19:34:30,0 ops/s,0 ops/s,0 ops/s,0 ops/s,0 ops/s,0 ops/s,0 ops/s,0 ops/s,0 ops/s,0 ops/s,0 ops/s,0 ops/s,0 ops/s,4.22 ops/s,0 ops/s
2026-06-04 19:35:00,0 ops/s,0 ops/s,0 ops/s,0 ops/s,0 ops/s,0 ops/s,0 ops/s,0 ops/s,0 ops/s,0 ops/s,0 ops/s,0 ops/s,0 ops/s,4.50 ops/s,0 ops/s
2026-06-04 19:35:30,0 ops/s,0 ops/s,0 ops/s,0 ops/s,0 ops/s,0 ops/s,0 ops/s,0 ops/s,0 ops/s,0 ops/s,0 ops/s,0 ops/s,0 ops/s,4.97 ops/s,0 ops/s
2026-06-04 19:36:00,0 ops/s,0 ops/s,0 ops/s,0 ops/s,0 ops/s,0 ops/s,0 ops/s,0 ops/s,0 ops/s,0 ops/s,0 ops/s,0 ops/s,0 ops/s,5.10 ops/s,0 ops/s
2026-06-04 19:36:30,0 ops/s,0 ops/s,0 ops/s,0 ops/s,0 ops/s,0 ops/s,0 ops/s,0 ops/s,0 ops/s,0 ops/s,0 ops/s,0 ops/s,0 ops/s,5.02 ops/s,0 ops/s
2026-06-04 19:37:00,0 ops/s,0 ops/s,0 ops/s,0 ops/s,0 ops/s,0 ops/s,0 ops/s,0 ops/s,0 ops/s,0 ops/s,0 ops/s,0 ops/s,0 ops/s,4.79 ops/s,0 ops/s
2026-06-04 19:37:30,0 ops/s,0 ops/s,0 ops/s,0 ops/s,0 ops/s,0 ops/s,0 ops/s,0 ops/s,0 ops/s,0 ops/s,0 ops/s,0 ops/s,0 ops/s,4.89 ops/s,0 ops/s
2026-06-04 19:38:00,0 ops/s,0 ops/s,0 ops/s,0 ops/s,0 ops/s,0 ops/s,0 ops/s,0 ops/s,0 ops/s,0 ops/s,0 ops/s,0 ops/s,0 ops/s,4.93 ops/s,0 ops/s
2026-06-04 19:38:30,0 ops/s,0 ops/s,0 ops/s,0 ops/s,0 ops/s,0 ops/s,0 ops/s,0 ops/s,0 ops/s,0 ops/s,0 ops/s,0 ops/s,0 ops/s,4.88 ops/s,0 ops/s
2026-06-04 19:39:00,0 ops/s,0 ops/s,0 ops/s,0 ops/s,0 ops/s,0 ops/s,0 ops/s,0 ops/s,0 ops/s,0 ops/s,0 ops/s,0 ops/s,0 ops/s,5.29 ops/s,0 ops/s
2026-06-04 19:39:30,0 ops/s,0 ops/s,0 ops/s,0 ops/s,0 ops/s,0 ops/s,0 ops/s,0 ops/s,0 ops/s,0 ops/s,0 ops/s,0 ops/s,0 ops/s,5.31 ops/s,0 ops/s
2026-06-04 19:40:00,0 ops/s,0 ops/s,0 ops/s,0 ops/s,0 ops/s,0 ops/s,0 ops/s,0 ops/s,0 ops/s,0 ops/s,0 ops/s,0 ops/s,0 ops/s,6.99 ops/s,0 ops/s
2026-06-04 19:40:30,0 ops/s,0 ops/s,0 ops/s,0 ops/s,0 ops/s,0 ops/s,0 ops/s,0 ops/s,0 ops/s,0 ops/s,0 ops/s,0 ops/s,0 ops/s,6.69 ops/s,0 ops/s
2026-06-04 19:41:00,0 ops/s,0 ops/s,0 ops/s,0 ops/s,0 ops/s,0 ops/s,0 ops/s,0 ops/s,0 ops/s,0 ops/s,0 ops/s,0 ops/s,0 ops/s,6.56 ops/s,0 ops/s
2026-06-04 19:41:30,0 ops/s,0 ops/s,0 ops/s,0 ops/s,0 ops/s,0 ops/s,0 ops/s,0 ops/s,0 ops/s,0 ops/s,0 ops/s,0 ops/s,0 ops/s,4.97 ops/s,0 ops/s
2026-06-04 19:42:00,0 ops/s,0 ops/s,0 ops/s,0 ops/s,0 ops/s,0 ops/s,0 ops/s,0 ops/s,0 ops/s,0 ops/s,0 ops/s,0 ops/s,0 ops/s,4.84 ops/s,0 ops/s
2026-06-04 19:42:30,0 ops/s,0 ops/s,0 ops/s,0 ops/s,0 ops/s,0 ops/s,0 ops/s,0 ops/s,0 ops/s,0 ops/s,0 ops/s,0 ops/s,0 ops/s,4.97 ops/s,0 ops/s
2026-06-04 19:43:00,0 ops/s,0 ops/s,0 ops/s,0 ops/s,0 ops/s,0 ops/s,0 ops/s,0 ops/s,0 ops/s,0 ops/s,0 ops/s,0 ops/s,0 ops/s,4.92 ops/s,0 ops/s
2026-06-04 19:43:30,0 ops/s,0 ops/s,0 ops/s,0 ops/s,0 ops/s,0 ops/s,0 ops/s,0 ops/s,0 ops/s,0 ops/s,0 ops/s,0 ops/s,0 ops/s,4.88 ops/s,0 ops/s
2026-06-04 19:44:00,0 ops/s,0 ops/s,0 ops/s,0 ops/s,0 ops/s,0 ops/s,0 ops/s,0 ops/s,0 ops/s,0 ops/s,0 ops/s,0 ops/s,0 ops/s,4.82 ops/s,0 ops/s
2026-06-04 19:44:30,0 ops/s,0 ops/s,0 ops/s,0 ops/s,0 ops/s,0 ops/s,0 ops/s,0 ops/s,0 ops/s,0 ops/s,0 ops/s,0 ops/s,0 ops/s,4.82 ops/s,0 ops/s
2026-06-04 19:45:00,0 ops/s,0 ops/s,0 ops/s,0 ops/s,0 ops/s,0 ops/s,0 ops/s,0 ops/s,0 ops/s,0 ops/s,0 ops/s,0 ops/s,0 ops/s,5.28 ops/s,0 ops/s
2026-06-04 19:45:30,0 ops/s,0 ops/s,0 ops/s,0 ops/s,0 ops/s,0 ops/s,0 ops/s,0 ops/s,0 ops/s,0 ops/s,0 ops/s,0 ops/s,0 ops/s,5.37 ops/s,0 ops/s
2026-06-04 19:46:00,0 ops/s,0 ops/s,0 ops/s,0 ops/s,0 ops/s,0 ops/s,0 ops/s,0 ops/s,0 ops/s,0 ops/s,0 ops/s,0 ops/s,0 ops/s,5.27 ops/s,0 ops/s
2026-06-04 19:46:30,0 ops/s,0 ops/s,0 ops/s,0 ops/s,0 ops/s,0 ops/s,0 ops/s,0 ops/s,0 ops/s,0 ops/s,0 ops/s,0 ops/s,0 ops/s,4.80 ops/s,0 ops/s
2026-06-04 19:47:00,0 ops/s,0 ops/s,0 ops/s,0 ops/s,0 ops/s,0 ops/s,0 ops/s,0 ops/s,0 ops/s,0 ops/s,0 ops/s,0 ops/s,0 ops/s,4.77 ops/s,0 ops/s
2026-06-04 19:47:30,0 ops/s,0 ops/s,0 ops/s,0 ops/s,0 ops/s,0 ops/s,0 ops/s,0 ops/s,0 ops/s,0 ops/s,0 ops/s,0 ops/s,0 ops/s,4.89 ops/s,0 ops/s
2026-06-04 19:48:00,0 ops/s,0 ops/s,0 ops/s,0 ops/s,0 ops/s,0 ops/s,0 ops/s,0 ops/s,0 ops/s,0 ops/s,0 ops/s,0 ops/s,0 ops/s,4.93 ops/s,0 ops/s
2026-06-04 19:48:30,0 ops/s,0 ops/s,0 ops/s,0 ops/s,0 ops/s,0 ops/s,0 ops/s,0 ops/s,0 ops/s,0 ops/s,0 ops/s,0 ops/s,0 ops/s,4.89 ops/s,0 ops/s
2026-06-04 19:49:00,0 ops/s,0 ops/s,0 ops/s,0 ops/s,0 ops/s,0 ops/s,0 ops/s,0 ops/s,0 ops/s,0 ops/s,0 ops/s,0 ops/s,0 ops/s,4.87 ops/s,0 ops/s
2026-06-04 19:49:30,0 ops/s,0 ops/s,0 ops/s,0 ops/s,0 ops/s,0 ops/s,0 ops/s,0 ops/s,0 ops/s,0 ops/s,0 ops/s,0 ops/s,0 ops/s,4.64 ops/s,0 ops/s
2026-06-04 19:50:00,0 ops/s,0 ops/s,0 ops/s,0 ops/s,0 ops/s,0 ops/s,0 ops/s,0 ops/s,0 ops/s,0 ops/s,0 ops/s,0 ops/s,0 ops/s,4.53 ops/s,0 ops/s
2026-06-04 19:50:30,0 ops/s,0 ops/s,0 ops/s,0 ops/s,0 ops/s,0 ops/s,0 ops/s,0 ops/s,0 ops/s,0 ops/s,0 ops/s,0 ops/s,0 ops/s,4.43 ops/s,0 ops/s
2026-06-04 19:51:00,0 ops/s,0 ops/s,0 ops/s,0 ops/s,0 ops/s,0 ops/s,0 ops/s,0 ops/s,0 ops/s,0 ops/s,0 ops/s,0 ops/s,0 ops/s,4.60 ops/s,0 ops/s
2026-06-04 19:51:30,0 ops/s,0 ops/s,0 ops/s,0 ops/s,0 ops/s,0 ops/s,0 ops/s,0 ops/s,0 ops/s,0 ops/s,0 ops/s,0 ops/s,0 ops/s,4.68 ops/s,0 ops/s
2026-06-04 19:52:00,0 ops/s,0 ops/s,0 ops/s,0 ops/s,0 ops/s,0 ops/s,0 ops/s,0 ops/s,0 ops/s,0 ops/s,0 ops/s,0 ops/s,0 ops/s,4.78 ops/s,0 ops/s
2026-06-04 19:52:30,0 ops/s,0 ops/s,0 ops/s,0 ops/s,0 ops/s,0 ops/s,0 ops/s,0 ops/s,0 ops/s,0 ops/s,0 ops/s,0 ops/s,0 ops/s,4.71 ops/s,0 ops/s
2026-06-04 19:53:00,0 ops/s,0 ops/s,0 ops/s,0 ops/s,0 ops/s,0 ops/s,0 ops/s,0 ops/s,0 ops/s,0 ops/s,0 ops/s,0 ops/s,0 ops/s,4.71 ops/s,0 ops/s
2026-06-04 19:53:30,0 ops/s,0 ops/s,0 ops/s,0 ops/s,0 ops/s,0 ops/s,0 ops/s,0 ops/s,0 ops/s,0 ops/s,0 ops/s,0 ops/s,0 ops/s,4.71 ops/s,0 ops/s
2026-06-04 19:54:00,0 ops/s,0 ops/s,0 ops/s,0 ops/s,0 ops/s,0 ops/s,0 ops/s,0 ops/s,0 ops/s,0 ops/s,0 ops/s,0 ops/s,0 ops/s,5.30 ops/s,0 ops/s
2026-06-04 19:54:30,0 ops/s,0 ops/s,0 ops/s,0 ops/s,0 ops/s,0 ops/s,0 ops/s,0 ops/s,0 ops/s,0 ops/s,0 ops/s,0 ops/s,0 ops/s,5.38 ops/s,0 ops/s
2026-06-04 19:55:00,0 ops/s,0 ops/s,0 ops/s,0 ops/s,0 ops/s,0 ops/s,0 ops/s,0 ops/s,0 ops/s,0 ops/s,0 ops/s,0 ops/s,0 ops/s,5.72 ops/s,0 ops/s
2026-06-04 19:55:30,0 ops/s,0 ops/s,0 ops/s,0 ops/s,0 ops/s,0 ops/s,0 ops/s,0 ops/s,0 ops/s,0 ops/s,0 ops/s,0 ops/s,0 ops/s,5.72 ops/s,0 ops/s
2026-06-04 19:56:00,0 ops/s,0 ops/s,0 ops/s,0 ops/s,0 ops/s,0 ops/s,0 ops/s,0 ops/s,0 ops/s,0 ops/s,0 ops/s,0 ops/s,0 ops/s,7.72 ops/s,0 ops/s
2026-06-04 19:56:30,0 ops/s,0 ops/s,0 ops/s,0 ops/s,0 ops/s,0 ops/s,0 ops/s,0 ops/s,0 ops/s,0 ops/s,0 ops/s,0 ops/s,0 ops/s,15.8 ops/s,0 ops/s
2026-06-04 19:57:00,0 ops/s,0 ops/s,0 ops/s,0 ops/s,0 ops/s,0 ops/s,0 ops/s,0 ops/s,0 ops/s,0 ops/s,0 ops/s,0 ops/s,0 ops/s,26.8 ops/s,0 ops/s
2026-06-04 19:57:30,0 ops/s,0 ops/s,0 ops/s,0 ops/s,0 ops/s,0 ops/s,0 ops/s,0 ops/s,0 ops/s,0 ops/s,0 ops/s,0 ops/s,0 ops/s,29.2 ops/s,0 ops/s
2026-06-04 19:58:00,0 ops/s,0 ops/s,0 ops/s,0 ops/s,0 ops/s,0 ops/s,0 ops/s,0 ops/s,0 ops/s,0 ops/s,0 ops/s,0 ops/s,0 ops/s,24.0 ops/s,0 ops/s
2026-06-04 19:58:30,0 ops/s,0 ops/s,0 ops/s,0 ops/s,0 ops/s,0 ops/s,0 ops/s,0 ops/s,0 ops/s,0 ops/s,0 ops/s,0 ops/s,0 ops/s,15.3 ops/s,0 ops/s
2026-06-04 19:59:00,0 ops/s,0 ops/s,0 ops/s,0 ops/s,0 ops/s,0 ops/s,0 ops/s,0 ops/s,0 ops/s,0 ops/s,0 ops/s,0 ops/s,0 ops/s,13.6 ops/s,0 ops/s
2026-06-04 19:59:30,0 ops/s,0 ops/s,0 ops/s,0 ops/s,0 ops/s,0 ops/s,0 ops/s,0 ops/s,0 ops/s,0 ops/s,0 ops/s,0 ops/s,0 ops/s,13.0 ops/s,0 ops/s
2026-06-04 20:00:00,0 ops/s,0 ops/s,0 ops/s,0 ops/s,0 ops/s,0 ops/s,0 ops/s,0 ops/s,0 ops/s,0 ops/s,0 ops/s,0 ops/s,0 ops/s,12.6 ops/s,0 ops/s
2026-06-04 20:00:30,0 ops/s,0 ops/s,0 ops/s,0 ops/s,0 ops/s,0 ops/s,0 ops/s,0 ops/s,0 ops/s,0 ops/s,0 ops/s,0 ops/s,0 ops/s,12.3 ops/s,0 ops/s
2026-06-04 20:01:00,0 ops/s,0 ops/s,0 ops/s,0 ops/s,0 ops/s,0 ops/s,0 ops/s,0 ops/s,0 ops/s,0 ops/s,0 ops/s,0 ops/s,0 ops/s,11.9 ops/s,0 ops/s
2026-06-04 20:01:30,0 ops/s,0 ops/s,0 ops/s,0 ops/s,0 ops/s,0 ops/s,0 ops/s,0 ops/s,0 ops/s,0 ops/s,0 ops/s,0 ops/s,0 ops/s,11.2 ops/s,0 ops/s
2026-06-04 20:02:00,0 ops/s,0 ops/s,0 ops/s,0 ops/s,0 ops/s,0 ops/s,0 ops/s,0 ops/s,0 ops/s,0 ops/s,0 ops/s,0 ops/s,0 ops/s,10.0 ops/s,0 ops/s
2026-06-04 20:02:30,0 ops/s,0 ops/s,0 ops/s,0 ops/s,0 ops/s,0 ops/s,0 ops/s,0 ops/s,0 ops/s,0 ops/s,0 ops/s,0 ops/s,0 ops/s,7.93 ops/s,0 ops/s
2026-06-04 20:03:00,0 ops/s,0 ops/s,0 ops/s,0 ops/s,0 ops/s,0 ops/s,0 ops/s,0 ops/s,0 ops/s,0 ops/s,0 ops/s,0 ops/s,0 ops/s,6.49 ops/s,0 ops/s
2026-06-04 20:03:30,0 ops/s,0 ops/s,0 ops/s,0 ops/s,0 ops/s,0 ops/s,0 ops/s,0 ops/s,0 ops/s,0 ops/s,0 ops/s,0 ops/s,0 ops/s,5.49 ops/s,0 ops/s
2026-06-04 20:04:00,0 ops/s,0 ops/s,0 ops/s,0 ops/s,0 ops/s,0 ops/s,0 ops/s,0 ops/s,0 ops/s,0 ops/s,0 ops/s,0 ops/s,0 ops/s,5.59 ops/s,0 ops/s
2026-06-04 20:04:30,0 ops/s,0 ops/s,0 ops/s,0 ops/s,0 ops/s,0 ops/s,0 ops/s,0 ops/s,0 ops/s,0 ops/s,0 ops/s,0 ops/s,0 ops/s,5.81 ops/s,0 ops/s
2026-06-04 20:05:00,0 ops/s,0 ops/s,0 ops/s,0 ops/s,0 ops/s,0 ops/s,0 ops/s,0 ops/s,0 ops/s,0 ops/s,0 ops/s,0 ops/s,0 ops/s,6.02 ops/s,0 ops/s
2026-06-04 20:05:30,0 ops/s,0 ops/s,0 ops/s,0 ops/s,0 ops/s,0 ops/s,0 ops/s,0 ops/s,0 ops/s,0 ops/s,0 ops/s,0 ops/s,0 ops/s,6.04 ops/s,0 ops/s
2026-06-04 20:06:00,0 ops/s,0 ops/s,0 ops/s,0 ops/s,0 ops/s,0 ops/s,0 ops/s,0 ops/s,0 ops/s,0 ops/s,0 ops/s,0 ops/s,0 ops/s,5.80 ops/s,0 ops/s
2026-06-04 20:06:30,0 ops/s,0 ops/s,0 ops/s,0 ops/s,0 ops/s,0 ops/s,0 ops/s,0 ops/s,0 ops/s,0 ops/s,0 ops/s,0 ops/s,0 ops/s,5.41 ops/s,0 ops/s
2026-06-04 20:07:00,0 ops/s,0 ops/s,0 ops/s,0 ops/s,0 ops/s,0 ops/s,0 ops/s,0 ops/s,0 ops/s,0 ops/s,0 ops/s,0 ops/s,0 ops/s,5.01 ops/s,0 ops/s
2026-06-04 20:07:30,0 ops/s,0 ops/s,0 ops/s,0 ops/s,0 ops/s,0 ops/s,0 ops/s,0 ops/s,0 ops/s,0 ops/s,0 ops/s,0 ops/s,0 ops/s,4.92 ops/s,0 ops/s
2026-06-04 20:08:00,0 ops/s,0 ops/s,0 ops/s,0 ops/s,0 ops/s,0 ops/s,0 ops/s,0 ops/s,0 ops/s,0 ops/s,0 ops/s,0 ops/s,0 ops/s,5.04 ops/s,0 ops/s
2026-06-04 20:08:30,0 ops/s,0 ops/s,0 ops/s,0 ops/s,0 ops/s,0 ops/s,0 ops/s,0 ops/s,0 ops/s,0 ops/s,0 ops/s,0 ops/s,0 ops/s,5.42 ops/s,0 ops/s
2026-06-04 20:09:00,0 ops/s,0 ops/s,0 ops/s,0 ops/s,0 ops/s,0 ops/s,0 ops/s,0 ops/s,0 ops/s,0 ops/s,0 ops/s,0 ops/s,0 ops/s,5.44 ops/s,0 ops/s
2026-06-04 20:09:30,0 ops/s,0 ops/s,0 ops/s,0 ops/s,0 ops/s,0 ops/s,0 ops/s,0 ops/s,0 ops/s,0 ops/s,0 ops/s,0 ops/s,0 ops/s,6.13 ops/s,0 ops/s
2026-06-04 20:10:00,0 ops/s,0 ops/s,0 ops/s,0 ops/s,0 ops/s,0 ops/s,0 ops/s,0 ops/s,0 ops/s,0 ops/s,0 ops/s,0 ops/s,0 ops/s,6.08 ops/s,0 ops/s
2026-06-04 20:10:30,0 ops/s,0 ops/s,0 ops/s,0 ops/s,0 ops/s,0 ops/s,0 ops/s,0 ops/s,0 ops/s,0 ops/s,0 ops/s,0 ops/s,0 ops/s,6.16 ops/s,0 ops/s
2026-06-04 20:11:00,0 ops/s,0 ops/s,0 ops/s,0 ops/s,0 ops/s,0 ops/s,0 ops/s,0 ops/s,0 ops/s,0 ops/s,0 ops/s,0 ops/s,0 ops/s,5.59 ops/s,0 ops/s
2026-06-04 20:11:30,0 ops/s,0 ops/s,0 ops/s,0 ops/s,0 ops/s,0 ops/s,0 ops/s,0 ops/s,0 ops/s,0 ops/s,0 ops/s,0 ops/s,0 ops/s,5.61 ops/s,0 ops/s
2026-06-04 20:12:00,0 ops/s,0 ops/s,0 ops/s,0 ops/s,0 ops/s,0 ops/s,0 ops/s,0 ops/s,0 ops/s,0 ops/s,0 ops/s,0 ops/s,0 ops/s,5.63 ops/s,0 ops/s
2026-06-04 20:12:30,0 ops/s,0 ops/s,0 ops/s,0 ops/s,0 ops/s,0 ops/s,0 ops/s,0 ops/s,0 ops/s,0 ops/s,0 ops/s,0 ops/s,0 ops/s,6.08 ops/s,0 ops/s
2026-06-04 20:13:00,0 ops/s,0 ops/s,0 ops/s,0 ops/s,0 ops/s,0 ops/s,0 ops/s,0 ops/s,0 ops/s,0 ops/s,0 ops/s,0 ops/s,0 ops/s,7.53 ops/s,0 ops/s
2026-06-04 20:13:30,0 ops/s,0 ops/s,0 ops/s,0 ops/s,0 ops/s,0 ops/s,0 ops/s,0 ops/s,0 ops/s,0 ops/s,0 ops/s,0 ops/s,0 ops/s,7.51 ops/s,0 ops/s
2026-06-04 20:14:00,0 ops/s,0 ops/s,0 ops/s,0 ops/s,0 ops/s,0 ops/s,0 ops/s,0 ops/s,0 ops/s,0 ops/s,0 ops/s,0 ops/s,0 ops/s,7.11 ops/s,0 ops/s
2026-06-04 20:14:30,0 ops/s,0 ops/s,0 ops/s,0 ops/s,0 ops/s,0 ops/s,0 ops/s,0 ops/s,0 ops/s,0 ops/s,0 ops/s,0 ops/s,0 ops/s,5.59 ops/s,0 ops/s
2026-06-04 20:15:00,0 ops/s,0 ops/s,0 ops/s,0 ops/s,0 ops/s,0 ops/s,0 ops/s,0 ops/s,0 ops/s,0 ops/s,0 ops/s,0 ops/s,0 ops/s,5.73 ops/s,0 ops/s
2026-06-04 20:15:30,0 ops/s,0 ops/s,0 ops/s,0 ops/s,0 ops/s,0 ops/s,0 ops/s,0 ops/s,0 ops/s,0 ops/s,0 ops/s,0 ops/s,0 ops/s,5.69 ops/s,0 ops/s
2026-06-04 20:16:00,0 ops/s,0 ops/s,0 ops/s,0 ops/s,0 ops/s,0 ops/s,0 ops/s,0 ops/s,0 ops/s,0 ops/s,0 ops/s,0 ops/s,0 ops/s,5.68 ops/s,0 ops/s
2026-06-04 20:16:30,0 ops/s,0 ops/s,0 ops/s,0 ops/s,0 ops/s,0 ops/s,0 ops/s,0 ops/s,0 ops/s,0 ops/s,0 ops/s,0 ops/s,0 ops/s,5.54 ops/s,0 ops/s
2026-06-04 20:17:00,0 ops/s,0 ops/s,0 ops/s,0 ops/s,0 ops/s,0 ops/s,0 ops/s,0 ops/s,0 ops/s,0 ops/s,0 ops/s,0 ops/s,0 ops/s,5.52 ops/s,0 ops/s
2026-06-04 20:17:30,0 ops/s,0 ops/s,0 ops/s,0 ops/s,0 ops/s,0 ops/s,0 ops/s,0 ops/s,0 ops/s,0 ops/s,0 ops/s,0 ops/s,0 ops/s,5.58 ops/s,0 ops/s
2026-06-04 20:18:00,0 ops/s,0 ops/s,0 ops/s,0 ops/s,0 ops/s,0 ops/s,0 ops/s,0 ops/s,0 ops/s,0 ops/s,0 ops/s,0 ops/s,0 ops/s,5.56 ops/s,0 ops/s
2026-06-04 20:18:30,0 ops/s,0 ops/s,0 ops/s,0 ops/s,0 ops/s,0 ops/s,0 ops/s,0 ops/s,0 ops/s,0 ops/s,0 ops/s,0 ops/s,0 ops/s,5.50 ops/s,0 ops/s
2026-06-04 20:19:00,0 ops/s,0 ops/s,0 ops/s,0 ops/s,0 ops/s,0 ops/s,0 ops/s,0 ops/s,0 ops/s,0 ops/s,0 ops/s,0 ops/s,0 ops/s,5.37 ops/s,0 ops/s
2026-06-04 20:19:30,0 ops/s,0 ops/s,0 ops/s,0 ops/s,0 ops/s,0 ops/s,0 ops/s,0 ops/s,0 ops/s,0 ops/s,0 ops/s,0 ops/s,0 ops/s,5.44 ops/s,0 ops/s
2026-06-04 20:20:00,0 ops/s,0 ops/s,0 ops/s,0 ops/s,0 ops/s,0 ops/s,0 ops/s,0 ops/s,0 ops/s,0 ops/s,0 ops/s,0 ops/s,0 ops/s,5.58 ops/s,0 ops/s
2026-06-04 20:20:30,0 ops/s,0 ops/s,0 ops/s,0 ops/s,0 ops/s,0 ops/s,0 ops/s,0 ops/s,0 ops/s,0 ops/s,0 ops/s,0 ops/s,0 ops/s,5.80 ops/s,0 ops/s
2026-06-04 20:21:00,0 ops/s,0 ops/s,0 ops/s,0 ops/s,0 ops/s,0 ops/s,0 ops/s,0 ops/s,0 ops/s,0 ops/s,0 ops/s,0 ops/s,0 ops/s,5.84 ops/s,0 ops/s
2026-06-04 20:21:30,0 ops/s,0 ops/s,0 ops/s,0 ops/s,0 ops/s,0 ops/s,0 ops/s,0 ops/s,0 ops/s,0 ops/s,0 ops/s,0 ops/s,0 ops/s,5.59 ops/s,0 ops/s
2026-06-04 20:22:00,0 ops/s,0 ops/s,0 ops/s,0 ops/s,0 ops/s,0 ops/s,0 ops/s,0 ops/s,0 ops/s,0 ops/s,0 ops/s,0 ops/s,0 ops/s,5.19 ops/s,0 ops/s
2026-06-04 20:22:30,0 ops/s,0 ops/s,0 ops/s,0 ops/s,0 ops/s,0 ops/s,0 ops/s,0 ops/s,0 ops/s,0 ops/s,0 ops/s,0 ops/s,0 ops/s,4.97 ops/s,0 ops/s
2026-06-04 20:23:00,0 ops/s,0 ops/s,0 ops/s,0 ops/s,0 ops/s,0 ops/s,0 ops/s,0 ops/s,0 ops/s,0 ops/s,0 ops/s,0 ops/s,0 ops/s,5.01 ops/s,0 ops/s
2026-06-04 20:23:30,0 ops/s,0 ops/s,0 ops/s,0 ops/s,0 ops/s,0 ops/s,0 ops/s,0 ops/s,0 ops/s,0 ops/s,0 ops/s,0 ops/s,0 ops/s,5.39 ops/s,0 ops/s
2026-06-04 20:24:00,0 ops/s,0 ops/s,0 ops/s,0 ops/s,0 ops/s,0 ops/s,0 ops/s,0 ops/s,0 ops/s,0 ops/s,0 ops/s,0 ops/s,0 ops/s,5.77 ops/s,0 ops/s
2026-06-04 20:24:30,0 ops/s,0 ops/s,0 ops/s,0 ops/s,0 ops/s,0 ops/s,0 ops/s,0 ops/s,0 ops/s,0 ops/s,0 ops/s,0 ops/s,0 ops/s,5.81 ops/s,0 ops/s
2026-06-04 20:25:00,0 ops/s,0 ops/s,0 ops/s,0 ops/s,0 ops/s,0 ops/s,0 ops/s,0 ops/s,0 ops/s,0 ops/s,0 ops/s,0 ops/s,0 ops/s,5.86 ops/s,0 ops/s
2026-06-04 20:25:30,0 ops/s,0 ops/s,0 ops/s,0 ops/s,0 ops/s,0 ops/s,0 ops/s,0 ops/s,0 ops/s,0 ops/s,0 ops/s,0 ops/s,0 ops/s,5.70 ops/s,0 ops/s
2026-06-04 20:26:00,0 ops/s,0 ops/s,0 ops/s,0 ops/s,0 ops/s,0 ops/s,0 ops/s,0 ops/s,0 ops/s,0 ops/s,0 ops/s,0 ops/s,0 ops/s,6.90 ops/s,0 ops/s
2026-06-04 20:26:30,0 ops/s,0 ops/s,0 ops/s,0 ops/s,0 ops/s,0 ops/s,0 ops/s,0 ops/s,0 ops/s,0 ops/s,0 ops/s,0 ops/s,0 ops/s,6.61 ops/s,0 ops/s
2026-06-04 20:27:00,0 ops/s,0 ops/s,0 ops/s,0 ops/s,0 ops/s,0 ops/s,0 ops/s,0 ops/s,0 ops/s,0 ops/s,0 ops/s,0 ops/s,0 ops/s,6.31 ops/s,0 ops/s
2026-06-04 20:27:30,0 ops/s,0 ops/s,0 ops/s,0 ops/s,0 ops/s,0 ops/s,0 ops/s,0 ops/s,0 ops/s,0 ops/s,0 ops/s,0 ops/s,0 ops/s,4.92 ops/s,0 ops/s
2026-06-04 20:28:00,0 ops/s,0 ops/s,0 ops/s,0 ops/s,0 ops/s,0 ops/s,0 ops/s,0 ops/s,0 ops/s,0 ops/s,0 ops/s,0 ops/s,0 ops/s,5.04 ops/s,0 ops/s
2026-06-04 20:28:30,0 ops/s,0 ops/s,0 ops/s,0 ops/s,0 ops/s,0 ops/s,0 ops/s,0 ops/s,0 ops/s,0 ops/s,0 ops/s,0 ops/s,0 ops/s,5.01 ops/s,0 ops/s
2026-06-04 20:29:00,0 ops/s,0 ops/s,0 ops/s,0 ops/s,0 ops/s,0 ops/s,0 ops/s,0 ops/s,0 ops/s,0 ops/s,0 ops/s,0 ops/s,0 ops/s,5.53 ops/s,0 ops/s
2026-06-04 20:29:30,0 ops/s,0 ops/s,0 ops/s,0 ops/s,0 ops/s,0 ops/s,0 ops/s,0 ops/s,0 ops/s,0 ops/s,0 ops/s,0 ops/s,0 ops/s,5.36 ops/s,0 ops/s
2026-06-04 20:30:00,0 ops/s,0 ops/s,0 ops/s,0 ops/s,0 ops/s,0 ops/s,0 ops/s,0 ops/s,0 ops/s,0 ops/s,0 ops/s,0 ops/s,0 ops/s,7.02 ops/s,0 ops/s
2026-06-04 20:30:30,0 ops/s,0 ops/s,0 ops/s,0 ops/s,0 ops/s,0 ops/s,0 ops/s,0 ops/s,0 ops/s,0 ops/s,0 ops/s,0 ops/s,0 ops/s,6.63 ops/s,0 ops/s
2026-06-04 20:31:00,0 ops/s,0 ops/s,0 ops/s,0 ops/s,0 ops/s,0 ops/s,0 ops/s,0 ops/s,0 ops/s,0 ops/s,0 ops/s,0 ops/s,0 ops/s,6.61 ops/s,0 ops/s
2026-06-04 20:31:30,0 ops/s,0 ops/s,0 ops/s,0 ops/s,0 ops/s,0 ops/s,0 ops/s,0 ops/s,0 ops/s,0 ops/s,0 ops/s,0 ops/s,0 ops/s,5.00 ops/s,0 ops/s
2026-06-04 20:32:00,0 ops/s,0 ops/s,0 ops/s,0 ops/s,0 ops/s,0 ops/s,0 ops/s,0 ops/s,0 ops/s,0 ops/s,0 ops/s,0 ops/s,0 ops/s,4.86 ops/s,0 ops/s
2026-06-04 20:32:30,0 ops/s,0 ops/s,0 ops/s,0 ops/s,0 ops/s,0 ops/s,0 ops/s,0 ops/s,0 ops/s,0 ops/s,0 ops/s,0 ops/s,0 ops/s,4.90 ops/s,0 ops/s
2026-06-04 20:33:00,0 ops/s,0 ops/s,0 ops/s,0 ops/s,0 ops/s,0 ops/s,0 ops/s,0 ops/s,0 ops/s,0 ops/s,0 ops/s,0 ops/s,0 ops/s,4.82 ops/s,0 ops/s
2026-06-04 20:33:30,0 ops/s,0 ops/s,0 ops/s,0 ops/s,0 ops/s,0 ops/s,0 ops/s,0 ops/s,0 ops/s,0 ops/s,0 ops/s,0 ops/s,0 ops/s,5.02 ops/s,0 ops/s
2026-06-04 20:34:00,0 ops/s,0 ops/s,0 ops/s,0 ops/s,0 ops/s,0 ops/s,0 ops/s,0 ops/s,0 ops/s,0 ops/s,0 ops/s,0 ops/s,0 ops/s,4.97 ops/s,0 ops/s
2026-06-04 20:34:30,0 ops/s,0 ops/s,0 ops/s,0 ops/s,0 ops/s,0 ops/s,0 ops/s,0 ops/s,0 ops/s,0 ops/s,0 ops/s,0 ops/s,0 ops/s,5.00 ops/s,0 ops/s
2026-06-04 20:35:00,0 ops/s,0 ops/s,0 ops/s,0 ops/s,0 ops/s,0 ops/s,0 ops/s,0 ops/s,0 ops/s,0 ops/s,0 ops/s,0 ops/s,0 ops/s,4.93 ops/s,0 ops/s
2026-06-04 20:35:30,0 ops/s,0 ops/s,0 ops/s,0 ops/s,0 ops/s,0 ops/s,0 ops/s,0 ops/s,0 ops/s,0 ops/s,0 ops/s,0 ops/s,0 ops/s,4.93 ops/s,0 ops/s
2026-06-04 20:36:00,0 ops/s,0 ops/s,0 ops/s,0 ops/s,0 ops/s,0 ops/s,0 ops/s,0 ops/s,0 ops/s,0 ops/s,0 ops/s,0 ops/s,0 ops/s,4.92 ops/s,0 ops/s
2026-06-04 20:36:30,0 ops/s,0 ops/s,0 ops/s,0 ops/s,0 ops/s,0 ops/s,0 ops/s,0 ops/s,0 ops/s,0 ops/s,0 ops/s,0 ops/s,0 ops/s,4.81 ops/s,0 ops/s
2026-06-04 20:37:00,0 ops/s,0 ops/s,0 ops/s,0 ops/s,0 ops/s,0 ops/s,0 ops/s,0 ops/s,0 ops/s,0 ops/s,0 ops/s,0 ops/s,0 ops/s,4.83 ops/s,0 ops/s
2026-06-04 20:37:30,0 ops/s,0 ops/s,0 ops/s,0 ops/s,0 ops/s,0 ops/s,0 ops/s,0 ops/s,0 ops/s,0 ops/s,0 ops/s,0 ops/s,0 ops/s,4.84 ops/s,0 ops/s
2026-06-04 20:38:00,0 ops/s,0 ops/s,0 ops/s,0 ops/s,0 ops/s,0 ops/s,0 ops/s,0 ops/s,0 ops/s,0 ops/s,0 ops/s,0 ops/s,0 ops/s,4.84 ops/s,0 ops/s
2026-06-04 20:38:30,0 ops/s,0 ops/s,0 ops/s,0 ops/s,0 ops/s,0 ops/s,0 ops/s,0 ops/s,0 ops/s,0 ops/s,0 ops/s,0 ops/s,0 ops/s,4.86 ops/s,0 ops/s
2026-06-04 20:39:00,0 ops/s,0 ops/s,0 ops/s,0 ops/s,0 ops/s,0 ops/s,0 ops/s,0 ops/s,0 ops/s,0 ops/s,0 ops/s,0 ops/s,0 ops/s,4.76 ops/s,0 ops/s
2026-06-04 20:39:30,0 ops/s,0 ops/s,0 ops/s,0 ops/s,0 ops/s,0 ops/s,0 ops/s,0 ops/s,0 ops/s,0 ops/s,0 ops/s,0 ops/s,0 ops/s,4.63 ops/s,0 ops/s
2026-06-04 20:40:00,0 ops/s,0 ops/s,0 ops/s,0 ops/s,0 ops/s,0 ops/s,0 ops/s,0 ops/s,0 ops/s,0 ops/s,0 ops/s,0 ops/s,0 ops/s,4.69 ops/s,0 ops/s
2026-06-04 20:40:30,0 ops/s,0 ops/s,0 ops/s,0 ops/s,0 ops/s,0 ops/s,0 ops/s,0 ops/s,0 ops/s,0 ops/s,0 ops/s,0 ops/s,0 ops/s,4.97 ops/s,0 ops/s
2026-06-04 20:41:00,0 ops/s,0 ops/s,0 ops/s,0 ops/s,0 ops/s,0 ops/s,0 ops/s,0 ops/s,0 ops/s,0 ops/s,0 ops/s,0 ops/s,0 ops/s,5.11 ops/s,0 ops/s
2026-06-04 20:41:30,0 ops/s,0 ops/s,0 ops/s,0 ops/s,0 ops/s,0 ops/s,0 ops/s,0 ops/s,0 ops/s,0 ops/s,0 ops/s,0 ops/s,0 ops/s,5.09 ops/s,0 ops/s
2026-06-04 20:42:00,0 ops/s,0 ops/s,0 ops/s,0 ops/s,0 ops/s,0 ops/s,0 ops/s,0 ops/s,0 ops/s,0 ops/s,0 ops/s,0 ops/s,0 ops/s,4.96 ops/s,0 ops/s
2026-06-04 20:42:30,0 ops/s,0 ops/s,0 ops/s,0 ops/s,0 ops/s,0 ops/s,0 ops/s,0 ops/s,0 ops/s,0 ops/s,0 ops/s,0 ops/s,0 ops/s,4.83 ops/s,0 ops/s
2026-06-04 20:43:00,0 ops/s,0 ops/s,0 ops/s,0 ops/s,0 ops/s,0 ops/s,0 ops/s,0 ops/s,0 ops/s,0 ops/s,0 ops/s,0 ops/s,0 ops/s,4.91 ops/s,0 ops/s
2026-06-04 20:43:30,0 ops/s,0 ops/s,0 ops/s,0 ops/s,0 ops/s,0 ops/s,0 ops/s,0 ops/s,0 ops/s,0 ops/s,0 ops/s,0 ops/s,0 ops/s,5.08 ops/s,0 ops/s
2026-06-04 20:44:00,0 ops/s,0 ops/s,0 ops/s,0 ops/s,0 ops/s,0 ops/s,0 ops/s,0 ops/s,0 ops/s,0 ops/s,0 ops/s,0 ops/s,0 ops/s,5.17 ops/s,0 ops/s
2026-06-04 20:44:30,0 ops/s,0 ops/s,0 ops/s,0 ops/s,0 ops/s,0 ops/s,0 ops/s,0 ops/s,0 ops/s,0 ops/s,0 ops/s,0 ops/s,0 ops/s,5.01 ops/s,0 ops/s
2026-06-04 20:45:00,0 ops/s,0 ops/s,0 ops/s,0 ops/s,0 ops/s,0 ops/s,0 ops/s,0 ops/s,0 ops/s,0 ops/s,0 ops/s,0 ops/s,0 ops/s,4.88 ops/s,0 ops/s
2026-06-04 20:45:30,0 ops/s,0 ops/s,0 ops/s,0 ops/s,0 ops/s,0 ops/s,0 ops/s,0 ops/s,0 ops/s,0 ops/s,0 ops/s,0 ops/s,0 ops/s,5.41 ops/s,0 ops/s
2026-06-04 20:46:00,0 ops/s,0 ops/s,0 ops/s,0 ops/s,0 ops/s,0 ops/s,0 ops/s,0 ops/s,0 ops/s,0 ops/s,0 ops/s,0 ops/s,0 ops/s,5.47 ops/s,0 ops/s
2026-06-04 20:46:30,0 ops/s,0 ops/s,0 ops/s,0 ops/s,0 ops/s,0 ops/s,0 ops/s,0 ops/s,0 ops/s,0 ops/s,0 ops/s,0 ops/s,0 ops/s,6.99 ops/s,0 ops/s
2026-06-04 20:47:00,0 ops/s,0 ops/s,0 ops/s,0 ops/s,0 ops/s,0 ops/s,0 ops/s,0 ops/s,0 ops/s,0 ops/s,0 ops/s,0 ops/s,0 ops/s,6.51 ops/s,0 ops/s
2026-06-04 20:47:30,0 ops/s,0 ops/s,0 ops/s,0 ops/s,0 ops/s,0 ops/s,0 ops/s,0 ops/s,0 ops/s,0 ops/s,0 ops/s,0 ops/s,0 ops/s,6.46 ops/s,0 ops/s
2026-06-04 20:48:00,0 ops/s,0 ops/s,0 ops/s,0 ops/s,0 ops/s,0 ops/s,0 ops/s,0 ops/s,0 ops/s,0 ops/s,0 ops/s,0 ops/s,0 ops/s,4.84 ops/s,0 ops/s
2026-06-04 20:48:30,0 ops/s,0 ops/s,0 ops/s,0 ops/s,0 ops/s,0 ops/s,0 ops/s,0 ops/s,0 ops/s,0 ops/s,0 ops/s,0 ops/s,0 ops/s,4.86 ops/s,0 ops/s
2026-06-04 20:49:00,0 ops/s,0 ops/s,0 ops/s,0 ops/s,0 ops/s,0 ops/s,0 ops/s,0 ops/s,0 ops/s,0 ops/s,0 ops/s,0 ops/s,0 ops/s,4.90 ops/s,0 ops/s
2026-06-04 20:49:30,0 ops/s,0 ops/s,0 ops/s,0 ops/s,0 ops/s,0 ops/s,0 ops/s,0 ops/s,0 ops/s,0 ops/s,0 ops/s,0 ops/s,0 ops/s,4.93 ops/s,0 ops/s
2026-06-04 20:50:00,0 ops/s,0 ops/s,0 ops/s,0 ops/s,0 ops/s,0 ops/s,0 ops/s,0 ops/s,0 ops/s,0 ops/s,0 ops/s,0 ops/s,0 ops/s,4.94 ops/s,0 ops/s
2026-06-04 20:50:30,0 ops/s,0 ops/s,0 ops/s,0 ops/s,0 ops/s,0 ops/s,0 ops/s,0 ops/s,0 ops/s,0 ops/s,0 ops/s,0 ops/s,0 ops/s,5.10 ops/s,0 ops/s
2026-06-04 20:51:00,0 ops/s,0 ops/s,0 ops/s,0 ops/s,0 ops/s,0 ops/s,0 ops/s,0 ops/s,0 ops/s,0 ops/s,0 ops/s,0 ops/s,0 ops/s,5.01 ops/s,0 ops/s
2026-06-04 20:51:30,0 ops/s,0 ops/s,0 ops/s,0 ops/s,0 ops/s,0 ops/s,0 ops/s,0 ops/s,0 ops/s,0 ops/s,0 ops/s,0 ops/s,0 ops/s,4.96 ops/s,0 ops/s
2026-06-04 20:52:00,0 ops/s,0 ops/s,0 ops/s,0 ops/s,0 ops/s,0 ops/s,0 ops/s,0 ops/s,0 ops/s,0 ops/s,0 ops/s,0 ops/s,0 ops/s,4.80 ops/s,0 ops/s
2026-06-04 20:52:30,0 ops/s,0 ops/s,0 ops/s,0 ops/s,0 ops/s,0 ops/s,0 ops/s,0 ops/s,0 ops/s,0 ops/s,0 ops/s,0 ops/s,0 ops/s,4.88 ops/s,0 ops/s
2026-06-04 20:53:00,0 ops/s,0 ops/s,0 ops/s,0 ops/s,0 ops/s,0 ops/s,0 ops/s,0 ops/s,0 ops/s,0 ops/s,0 ops/s,0 ops/s,0 ops/s,5.04 ops/s,0 ops/s
2026-06-04 20:53:30,0 ops/s,0 ops/s,0 ops/s,0 ops/s,0 ops/s,0 ops/s,0 ops/s,0 ops/s,0 ops/s,0 ops/s,0 ops/s,0 ops/s,0 ops/s,5.04 ops/s,0 ops/s
2026-06-04 20:54:00,0 ops/s,0 ops/s,0 ops/s,0 ops/s,0 ops/s,0 ops/s,0 ops/s,0 ops/s,0 ops/s,0 ops/s,0 ops/s,0 ops/s,0 ops/s,4.99 ops/s,0 ops/s
2026-06-04 20:54:30,0 ops/s,0 ops/s,0 ops/s,0 ops/s,0 ops/s,0 ops/s,0 ops/s,0 ops/s,0 ops/s,0 ops/s,0 ops/s,0 ops/s,0 ops/s,4.81 ops/s,0 ops/s
2026-06-04 20:55:00,0 ops/s,0 ops/s,0 ops/s,0 ops/s,0 ops/s,0 ops/s,0 ops/s,0 ops/s,0 ops/s,0 ops/s,0 ops/s,0 ops/s,0 ops/s,5.00 ops/s,0 ops/s
2026-06-04 20:55:30,0 ops/s,0 ops/s,0 ops/s,0 ops/s,0 ops/s,0 ops/s,0 ops/s,0 ops/s,0 ops/s,0 ops/s,0 ops/s,0 ops/s,0 ops/s,5.08 ops/s,0 ops/s
2026-06-04 20:56:00,0 ops/s,0 ops/s,0 ops/s,0 ops/s,0 ops/s,0 ops/s,0 ops/s,0 ops/s,0 ops/s,0 ops/s,0 ops/s,0 ops/s,0 ops/s,4.86 ops/s,0 ops/s
2026-06-04 20:56:30,0 ops/s,0 ops/s,0 ops/s,0 ops/s,0 ops/s,0 ops/s,0 ops/s,0 ops/s,0 ops/s,0 ops/s,0 ops/s,0 ops/s,0 ops/s,4.44 ops/s,0 ops/s
2026-06-04 20:57:00,0 ops/s,0 ops/s,0 ops/s,0 ops/s,0 ops/s,0 ops/s,0 ops/s,0 ops/s,0 ops/s,0 ops/s,0 ops/s,0 ops/s,0 ops/s,4.34 ops/s,0 ops/s
2026-06-04 20:57:30,0 ops/s,0 ops/s,0 ops/s,0 ops/s,0 ops/s,0 ops/s,0 ops/s,0 ops/s,0 ops/s,0 ops/s,0 ops/s,0 ops/s,0 ops/s,4.59 ops/s,0 ops/s
2026-06-04 20:58:00,0 ops/s,0 ops/s,0 ops/s,0 ops/s,0 ops/s,0 ops/s,0 ops/s,0 ops/s,0 ops/s,0 ops/s,0 ops/s,0 ops/s,0 ops/s,4.80 ops/s,0 ops/s
2026-06-04 20:58:30,0 ops/s,0 ops/s,0 ops/s,0 ops/s,0 ops/s,0 ops/s,0 ops/s,0 ops/s,0 ops/s,0 ops/s,0 ops/s,0 ops/s,0 ops/s,4.87 ops/s,0 ops/s
2026-06-04 20:59:00,0 ops/s,0 ops/s,0 ops/s,0 ops/s,0 ops/s,0 ops/s,0 ops/s,0 ops/s,0 ops/s,0 ops/s,0 ops/s,0 ops/s,0 ops/s,4.78 ops/s,0 ops/s
2026-06-04 20:59:30,0 ops/s,0 ops/s,0 ops/s,0 ops/s,0 ops/s,0 ops/s,0 ops/s,0 ops/s,0 ops/s,0 ops/s,0 ops/s,0 ops/s,0 ops/s,4.80 ops/s,0 ops/s
2026-06-04 21:00:00,0 ops/s,0 ops/s,0 ops/s,0 ops/s,0 ops/s,0 ops/s,0 ops/s,0 ops/s,0 ops/s,0 ops/s,0 ops/s,0 ops/s,0 ops/s,5.67 ops/s,0 ops/s
2026-06-04 21:00:30,0 ops/s,0 ops/s,0 ops/s,0 ops/s,0 ops/s,0 ops/s,0 ops/s,0 ops/s,0 ops/s,0 ops/s,0 ops/s,0 ops/s,0 ops/s,6.09 ops/s,0 ops/s
2026-06-04 21:01:00,0 ops/s,0 ops/s,0 ops/s,0 ops/s,0 ops/s,0 ops/s,0 ops/s,0 ops/s,0 ops/s,0 ops/s,0 ops/s,0 ops/s,0 ops/s,6.01 ops/s,0 ops/s
2026-06-04 21:01:30,0 ops/s,0 ops/s,0 ops/s,0 ops/s,0 ops/s,0 ops/s,0 ops/s,0 ops/s,0 ops/s,0 ops/s,0 ops/s,0 ops/s,0 ops/s,5.21 ops/s,0 ops/s
2026-06-04 21:02:00,0 ops/s,0 ops/s,0 ops/s,0 ops/s,0 ops/s,0 ops/s,0 ops/s,0 ops/s,0 ops/s,0 ops/s,0 ops/s,0 ops/s,0 ops/s,4.90 ops/s,0 ops/s
2026-06-04 21:02:30,0 ops/s,0 ops/s,0 ops/s,0 ops/s,0 ops/s,0 ops/s,0 ops/s,0 ops/s,0 ops/s,0 ops/s,0 ops/s,0 ops/s,0 ops/s,5.40 ops/s,0 ops/s
2026-06-04 21:03:00,0 ops/s,0 ops/s,0 ops/s,0 ops/s,0 ops/s,0 ops/s,0 ops/s,0 ops/s,0 ops/s,0 ops/s,0 ops/s,0 ops/s,0 ops/s,7.15 ops/s,0 ops/s
2026-06-04 21:03:30,0 ops/s,0 ops/s,0 ops/s,0 ops/s,0 ops/s,0 ops/s,0 ops/s,0 ops/s,0 ops/s,0 ops/s,0 ops/s,0 ops/s,0 ops/s,7.21 ops/s,0 ops/s
2026-06-04 21:04:00,0 ops/s,0 ops/s,0 ops/s,0 ops/s,0 ops/s,0 ops/s,0 ops/s,0 ops/s,0 ops/s,0 ops/s,0 ops/s,0 ops/s,0 ops/s,6.81 ops/s,0 ops/s
2026-06-04 21:04:30,0 ops/s,0 ops/s,0 ops/s,0 ops/s,0 ops/s,0 ops/s,0 ops/s,0 ops/s,0 ops/s,0 ops/s,0 ops/s,0 ops/s,0 ops/s,5.07 ops/s,0 ops/s
2026-06-04 21:05:00,0 ops/s,0 ops/s,0 ops/s,0 ops/s,0 ops/s,0 ops/s,0 ops/s,0 ops/s,0 ops/s,0 ops/s,0 ops/s,0 ops/s,0 ops/s,5.09 ops/s,0 ops/s
2026-06-04 21:05:30,0 ops/s,0 ops/s,0 ops/s,0 ops/s,0 ops/s,0 ops/s,0 ops/s,0 ops/s,0 ops/s,0 ops/s,0 ops/s,0 ops/s,0 ops/s,5.02 ops/s,0 ops/s
2026-06-04 21:06:00,0 ops/s,0 ops/s,0 ops/s,0 ops/s,0 ops/s,0 ops/s,0 ops/s,0 ops/s,0 ops/s,0 ops/s,0 ops/s,0 ops/s,0 ops/s,5.00 ops/s,0 ops/s
2026-06-04 21:06:30,0 ops/s,0 ops/s,0 ops/s,0 ops/s,0 ops/s,0 ops/s,0 ops/s,0 ops/s,0 ops/s,0 ops/s,0 ops/s,0 ops/s,0 ops/s,4.84 ops/s,0 ops/s
2026-06-04 21:07:00,0 ops/s,0 ops/s,0 ops/s,0 ops/s,0 ops/s,0 ops/s,0 ops/s,0 ops/s,0 ops/s,0 ops/s,0 ops/s,0 ops/s,0 ops/s,4.94 ops/s,0 ops/s
2026-06-04 21:07:30,0 ops/s,0 ops/s,0 ops/s,0 ops/s,0 ops/s,0 ops/s,0 ops/s,0 ops/s,0 ops/s,0 ops/s,0 ops/s,0 ops/s,0 ops/s,4.94 ops/s,0 ops/s
2026-06-04 21:08:00,0 ops/s,0 ops/s,0 ops/s,0 ops/s,0 ops/s,0 ops/s,0 ops/s,0 ops/s,0 ops/s,0 ops/s,0 ops/s,0 ops/s,0 ops/s,4.97 ops/s,0 ops/s
2026-06-04 21:08:30,0 ops/s,0 ops/s,0 ops/s,0 ops/s,0 ops/s,0 ops/s,0 ops/s,0 ops/s,0 ops/s,0 ops/s,0 ops/s,0 ops/s,0 ops/s,4.90 ops/s,0 ops/s
2026-06-04 21:09:00,0 ops/s,0 ops/s,0 ops/s,0 ops/s,0 ops/s,0 ops/s,0 ops/s,0 ops/s,0 ops/s,0 ops/s,0 ops/s,0 ops/s,0 ops/s,4.86 ops/s,0 ops/s
2026-06-04 21:09:30,0 ops/s,0 ops/s,0 ops/s,0 ops/s,0 ops/s,0 ops/s,0 ops/s,0 ops/s,0 ops/s,0 ops/s,0 ops/s,0 ops/s,0 ops/s,4.84 ops/s,0 ops/s
2026-06-04 21:10:00,0 ops/s,0 ops/s,0 ops/s,0 ops/s,0 ops/s,0 ops/s,0 ops/s,0 ops/s,0 ops/s,0 ops/s,0 ops/s,0 ops/s,0 ops/s,5.01 ops/s,0 ops/s
2026-06-04 21:10:30,0 ops/s,0 ops/s,0 ops/s,0 ops/s,0 ops/s,0 ops/s,0 ops/s,0 ops/s,0 ops/s,0 ops/s,0 ops/s,0 ops/s,0 ops/s,5.11 ops/s,0 ops/s
2026-06-04 21:11:00,0 ops/s,0 ops/s,0 ops/s,0 ops/s,0 ops/s,0 ops/s,0 ops/s,0 ops/s,0 ops/s,0 ops/s,0 ops/s,0 ops/s,0 ops/s,5.14 ops/s,0 ops/s
2026-06-04 21:11:30,0 ops/s,0 ops/s,0 ops/s,0 ops/s,0 ops/s,0 ops/s,0 ops/s,0 ops/s,0 ops/s,0 ops/s,0 ops/s,0 ops/s,0 ops/s,4.97 ops/s,0 ops/s
2026-06-04 21:12:00,0 ops/s,0 ops/s,0 ops/s,0 ops/s,0 ops/s,0 ops/s,0 ops/s,0 ops/s,0 ops/s,0 ops/s,0 ops/s,0 ops/s,0 ops/s,4.88 ops/s,0 ops/s
2026-06-04 21:12:30,0 ops/s,0 ops/s,0 ops/s,0 ops/s,0 ops/s,0 ops/s,0 ops/s,0 ops/s,0 ops/s,0 ops/s,0 ops/s,0 ops/s,0 ops/s,5.03 ops/s,0 ops/s
2026-06-04 21:13:00,0 ops/s,0 ops/s,0 ops/s,0 ops/s,0 ops/s,0 ops/s,0 ops/s,0 ops/s,0 ops/s,0 ops/s,0 ops/s,0 ops/s,0 ops/s,5.06 ops/s,0 ops/s
2026-06-04 21:13:30,0 ops/s,0 ops/s,0 ops/s,0 ops/s,0 ops/s,0 ops/s,0 ops/s,0 ops/s,0 ops/s,0 ops/s,0 ops/s,0 ops/s,0 ops/s,5.11 ops/s,0 ops/s
2026-06-04 21:14:00,0 ops/s,0 ops/s,0 ops/s,0 ops/s,0 ops/s,0 ops/s,0 ops/s,0 ops/s,0 ops/s,0 ops/s,0 ops/s,0 ops/s,0 ops/s,4.93 ops/s,0 ops/s
2026-06-04 21:14:30,0 ops/s,0 ops/s,0 ops/s,0 ops/s,0 ops/s,0 ops/s,0 ops/s,0 ops/s,0 ops/s,0 ops/s,0 ops/s,0 ops/s,0 ops/s,4.94 ops/s,0 ops/s
2026-06-04 21:15:00,0 ops/s,0 ops/s,0 ops/s,0 ops/s,0 ops/s,0 ops/s,0 ops/s,0 ops/s,0 ops/s,0 ops/s,0 ops/s,0 ops/s,0 ops/s,4.71 ops/s,0 ops/s
2026-06-04 21:15:30,0 ops/s,0 ops/s,0 ops/s,0 ops/s,0 ops/s,0 ops/s,0 ops/s,0 ops/s,0 ops/s,0 ops/s,0 ops/s,0 ops/s,0 ops/s,4.62 ops/s,0 ops/s
2026-06-04 21:16:00,0 ops/s,0 ops/s,0 ops/s,0 ops/s,0 ops/s,0 ops/s,0 ops/s,0 ops/s,0 ops/s,0 ops/s,0 ops/s,0 ops/s,0 ops/s,4.60 ops/s,0 ops/s
2026-06-04 21:16:30,0 ops/s,0 ops/s,0 ops/s,0 ops/s,0 ops/s,0 ops/s,0 ops/s,0 ops/s,0 ops/s,0 ops/s,0 ops/s,0 ops/s,0 ops/s,4.78 ops/s,0 ops/s
2026-06-04 21:17:00,0 ops/s,0 ops/s,0 ops/s,0 ops/s,0 ops/s,0 ops/s,0 ops/s,0 ops/s,0 ops/s,0 ops/s,0 ops/s,0 ops/s,0 ops/s,4.78 ops/s,0 ops/s
2026-06-04 21:17:30,0 ops/s,0 ops/s,0 ops/s,0 ops/s,0 ops/s,0 ops/s,0 ops/s,0 ops/s,0 ops/s,0 ops/s,0 ops/s,0 ops/s,0 ops/s,4.83 ops/s,0 ops/s
2026-06-04 21:18:00,0 ops/s,0 ops/s,0 ops/s,0 ops/s,0 ops/s,0 ops/s,0 ops/s,0 ops/s,0 ops/s,0 ops/s,0 ops/s,0 ops/s,0 ops/s,4.87 ops/s,0 ops/s
2026-06-04 21:18:30,0 ops/s,0 ops/s,0 ops/s,0 ops/s,0 ops/s,0 ops/s,0 ops/s,0 ops/s,0 ops/s,0 ops/s,0 ops/s,0 ops/s,0 ops/s,4.96 ops/s,0 ops/s
2026-06-04 21:19:00,0 ops/s,0 ops/s,0 ops/s,0 ops/s,0 ops/s,0 ops/s,0 ops/s,0 ops/s,0 ops/s,0 ops/s,0 ops/s,0 ops/s,0 ops/s,5.37 ops/s,0 ops/s
2026-06-04 21:19:30,0 ops/s,0 ops/s,0 ops/s,0 ops/s,0 ops/s,0 ops/s,0 ops/s,0 ops/s,0 ops/s,0 ops/s,0 ops/s,0 ops/s,0 ops/s,5.34 ops/s,0 ops/s
2026-06-04 21:20:00,0 ops/s,0 ops/s,0 ops/s,0 ops/s,0 ops/s,0 ops/s,0 ops/s,0 ops/s,0 ops/s,0 ops/s,0 ops/s,0 ops/s,0 ops/s,7.70 ops/s,0 ops/s
2026-06-04 21:20:30,0 ops/s,0 ops/s,0 ops/s,0 ops/s,0 ops/s,0 ops/s,0 ops/s,0 ops/s,0 ops/s,0 ops/s,0 ops/s,0 ops/s,0 ops/s,7.31 ops/s,0 ops/s
2026-06-04 21:21:00,0 ops/s,0 ops/s,0 ops/s,0 ops/s,0 ops/s,0 ops/s,0 ops/s,0 ops/s,0 ops/s,0 ops/s,0 ops/s,0 ops/s,0 ops/s,7.33 ops/s,0 ops/s
2026-06-04 21:21:30,0 ops/s,0 ops/s,0 ops/s,0 ops/s,0 ops/s,0 ops/s,0 ops/s,0 ops/s,0 ops/s,0 ops/s,0 ops/s,0 ops/s,0 ops/s,5.00 ops/s,0 ops/s
2026-06-04 21:22:00,0 ops/s,0 ops/s,0 ops/s,0 ops/s,0 ops/s,0 ops/s,0 ops/s,0 ops/s,0 ops/s,0 ops/s,0 ops/s,0 ops/s,0 ops/s,5.07 ops/s,0 ops/s
2026-06-04 21:22:30,0 ops/s,0 ops/s,0 ops/s,0 ops/s,0 ops/s,0 ops/s,0 ops/s,0 ops/s,0 ops/s,0 ops/s,0 ops/s,0 ops/s,0 ops/s,5.27 ops/s,0 ops/s
2026-06-04 21:23:00,0 ops/s,0 ops/s,0 ops/s,0 ops/s,0 ops/s,0 ops/s,0 ops/s,0 ops/s,0 ops/s,0 ops/s,0 ops/s,0 ops/s,0 ops/s,5.19 ops/s,0 ops/s
2026-06-04 21:23:30,0 ops/s,0 ops/s,0 ops/s,0 ops/s,0 ops/s,0 ops/s,0 ops/s,0 ops/s,0 ops/s,0 ops/s,0 ops/s,0 ops/s,0 ops/s,5.08 ops/s,0 ops/s
2026-06-04 21:24:00,0 ops/s,0 ops/s,0 ops/s,0 ops/s,0 ops/s,0 ops/s,0 ops/s,0 ops/s,0 ops/s,0 ops/s,0 ops/s,0 ops/s,0 ops/s,4.78 ops/s,0 ops/s
2026-06-04 21:24:30,0 ops/s,0 ops/s,0 ops/s,0 ops/s,0 ops/s,0 ops/s,0 ops/s,0 ops/s,0 ops/s,0 ops/s,0 ops/s,0 ops/s,0 ops/s,4.83 ops/s,0 ops/s
2026-06-04 21:25:00,0 ops/s,0 ops/s,0 ops/s,0 ops/s,0 ops/s,0 ops/s,0 ops/s,0 ops/s,0 ops/s,0 ops/s,0 ops/s,0 ops/s,0 ops/s,4.97 ops/s,0 ops/s
2026-06-04 21:25:30,0 ops/s,0 ops/s,0 ops/s,0 ops/s,0 ops/s,0 ops/s,0 ops/s,0 ops/s,0 ops/s,0 ops/s,0 ops/s,0 ops/s,0 ops/s,5.00 ops/s,0 ops/s