"Time","sda - Read","sdb - Read","sdc - Read","sdd - Read","sde - Read","sda - Write","sdb - Write","sdc - Write","sdd - Write","sde - Write"
2026-06-04 15:41:00,0 io/s,0 io/s,0 io/s,17.2 io/s,0 io/s,0 io/s,0 io/s,0 io/s,29.6 io/s,0 io/s
2026-06-04 15:41:30,0 io/s,0 io/s,0 io/s,13.0 io/s,0 io/s,0 io/s,0 io/s,0 io/s,28.6 io/s,0 io/s
2026-06-04 15:42:00,0 io/s,0 io/s,0 io/s,11.3 io/s,0 io/s,0 io/s,0 io/s,0 io/s,31.4 io/s,0 io/s
2026-06-04 15:42:30,0 io/s,0 io/s,0 io/s,0.311 io/s,0 io/s,0 io/s,0 io/s,0 io/s,18.0 io/s,0 io/s
2026-06-04 15:43:00,0 io/s,0 io/s,0 io/s,0.0667 io/s,0 io/s,0 io/s,0 io/s,0 io/s,18.3 io/s,0 io/s
2026-06-04 15:43:30,0 io/s,0 io/s,0 io/s,0.0889 io/s,0 io/s,0 io/s,0 io/s,0 io/s,16.9 io/s,0 io/s
2026-06-04 15:44:00,0 io/s,0 io/s,0 io/s,0.789 io/s,0 io/s,0 io/s,0 io/s,0 io/s,16.9 io/s,0 io/s
2026-06-04 15:44:30,0 io/s,0 io/s,0 io/s,0.811 io/s,0 io/s,0 io/s,0 io/s,0 io/s,16.4 io/s,0 io/s
2026-06-04 15:45:00,0 io/s,0 io/s,0 io/s,1.40 io/s,0 io/s,0 io/s,0 io/s,0 io/s,16.8 io/s,0 io/s
2026-06-04 15:45:30,0 io/s,0 io/s,0 io/s,0.711 io/s,0 io/s,0 io/s,0 io/s,0 io/s,16.4 io/s,0 io/s
2026-06-04 15:46:00,0 io/s,0 io/s,0 io/s,0.689 io/s,0 io/s,0 io/s,0 io/s,0 io/s,17.3 io/s,0 io/s
2026-06-04 15:46:30,0 io/s,0 io/s,0 io/s,0.0889 io/s,0 io/s,0 io/s,0 io/s,0 io/s,20.9 io/s,0 io/s
2026-06-04 15:47:00,0 io/s,0 io/s,0 io/s,0.100 io/s,0 io/s,0 io/s,0 io/s,0 io/s,20.9 io/s,0 io/s
2026-06-04 15:47:30,0 io/s,0 io/s,0 io/s,0.0889 io/s,0 io/s,0 io/s,0 io/s,0 io/s,19.9 io/s,0 io/s
2026-06-04 15:48:00,0 io/s,0 io/s,0 io/s,0.0556 io/s,0 io/s,0 io/s,0 io/s,0 io/s,15.7 io/s,0 io/s
2026-06-04 15:48:30,0 io/s,0 io/s,0 io/s,0.0333 io/s,0 io/s,0 io/s,0 io/s,0 io/s,15.9 io/s,0 io/s
2026-06-04 15:49:00,0 io/s,0 io/s,0 io/s,0.0222 io/s,0 io/s,0 io/s,0 io/s,0 io/s,15.8 io/s,0 io/s
2026-06-04 15:49:30,0 io/s,0 io/s,0 io/s,0.0222 io/s,0 io/s,0 io/s,0 io/s,0 io/s,16.0 io/s,0 io/s
2026-06-04 15:50:00,0 io/s,0 io/s,0 io/s,0.0333 io/s,0 io/s,0 io/s,0 io/s,0 io/s,17.6 io/s,0 io/s
2026-06-04 15:50:30,0 io/s,0 io/s,0 io/s,0.144 io/s,0 io/s,0 io/s,0 io/s,0 io/s,18.0 io/s,0 io/s
2026-06-04 15:51:00,0 io/s,0 io/s,0 io/s,0.156 io/s,0 io/s,0 io/s,0 io/s,0 io/s,18.7 io/s,0 io/s
2026-06-04 15:51:30,0 io/s,0 io/s,0 io/s,0.144 io/s,0 io/s,0 io/s,0 io/s,0 io/s,17.9 io/s,0 io/s
2026-06-04 15:52:00,0 io/s,0 io/s,0 io/s,0.0222 io/s,0 io/s,0 io/s,0 io/s,0 io/s,17.4 io/s,0 io/s
2026-06-04 15:52:30,0 io/s,0 io/s,0 io/s,0.0111 io/s,0 io/s,0 io/s,0 io/s,0 io/s,16.8 io/s,0 io/s
2026-06-04 15:53:00,0 io/s,0 io/s,0 io/s,0.0111 io/s,0 io/s,0 io/s,0 io/s,0 io/s,15.6 io/s,0 io/s
2026-06-04 15:53:30,0 io/s,0 io/s,0 io/s,0.0111 io/s,0 io/s,0 io/s,0 io/s,0 io/s,16.0 io/s,0 io/s
2026-06-04 15:54:00,0 io/s,0 io/s,0 io/s,0.0111 io/s,0 io/s,0 io/s,0 io/s,0 io/s,16.0 io/s,0 io/s
2026-06-04 15:54:30,0 io/s,0 io/s,0 io/s,0.0222 io/s,0 io/s,0 io/s,0 io/s,0 io/s,16.2 io/s,0 io/s
2026-06-04 15:55:00,0 io/s,0 io/s,0 io/s,0.0222 io/s,0 io/s,0 io/s,0 io/s,0 io/s,15.9 io/s,0 io/s
2026-06-04 15:55:30,0 io/s,0 io/s,0 io/s,0.0333 io/s,0 io/s,0 io/s,0 io/s,0 io/s,15.9 io/s,0 io/s
2026-06-04 15:56:00,0 io/s,0 io/s,0 io/s,0.0111 io/s,0 io/s,0 io/s,0 io/s,0 io/s,15.8 io/s,0 io/s
2026-06-04 15:56:30,0 io/s,0 io/s,0 io/s,0.0111 io/s,0 io/s,0 io/s,0 io/s,0 io/s,15.8 io/s,0 io/s
2026-06-04 15:57:00,0 io/s,0 io/s,0 io/s,0 io/s,0 io/s,0 io/s,0 io/s,0 io/s,15.2 io/s,0 io/s
2026-06-04 15:57:30,0 io/s,0 io/s,0 io/s,0.0111 io/s,0 io/s,0 io/s,0 io/s,0 io/s,15.4 io/s,0 io/s
2026-06-04 15:58:00,0 io/s,0 io/s,0 io/s,0.0222 io/s,0 io/s,0 io/s,0 io/s,0 io/s,15.3 io/s,0 io/s
2026-06-04 15:58:30,0 io/s,0 io/s,0 io/s,0.0222 io/s,0 io/s,0 io/s,0 io/s,0 io/s,15.8 io/s,0 io/s
2026-06-04 15:59:00,0 io/s,0 io/s,0 io/s,0.0111 io/s,0 io/s,0 io/s,0 io/s,0 io/s,15.5 io/s,0 io/s
2026-06-04 15:59:30,0 io/s,0 io/s,0 io/s,0 io/s,0 io/s,0 io/s,0 io/s,0 io/s,14.7 io/s,0 io/s
2026-06-04 16:00:00,0 io/s,0 io/s,0 io/s,0.0111 io/s,0 io/s,0 io/s,0 io/s,0 io/s,14.3 io/s,0 io/s
2026-06-04 16:00:30,0 io/s,0 io/s,0 io/s,0.0111 io/s,0 io/s,0 io/s,0 io/s,0 io/s,15.2 io/s,0 io/s
2026-06-04 16:01:00,0 io/s,0 io/s,0 io/s,0.0111 io/s,0 io/s,0 io/s,0 io/s,0 io/s,16.5 io/s,0 io/s
2026-06-04 16:01:30,0 io/s,0 io/s,0 io/s,0 io/s,0 io/s,0 io/s,0 io/s,0 io/s,17.2 io/s,0 io/s
2026-06-04 16:02:00,0 io/s,0 io/s,0 io/s,0 io/s,0 io/s,0 io/s,0 io/s,0 io/s,16.6 io/s,0 io/s
2026-06-04 16:02:30,0 io/s,0 io/s,0 io/s,0.0111 io/s,0 io/s,0 io/s,0 io/s,0 io/s,17.5 io/s,0 io/s
2026-06-04 16:03:00,0 io/s,0 io/s,0 io/s,0.0111 io/s,0 io/s,0 io/s,0 io/s,0 io/s,20.8 io/s,0 io/s
2026-06-04 16:03:30,0 io/s,0 io/s,0 io/s,0.0111 io/s,0 io/s,0 io/s,0 io/s,0 io/s,21.0 io/s,0 io/s
2026-06-04 16:04:00,0 io/s,0 io/s,0 io/s,0 io/s,0 io/s,0 io/s,0 io/s,0 io/s,19.7 io/s,0 io/s
2026-06-04 16:04:30,0 io/s,0 io/s,0 io/s,0.0111 io/s,0 io/s,0 io/s,0 io/s,0 io/s,16.1 io/s,0 io/s
2026-06-04 16:05:00,0 io/s,0 io/s,0 io/s,0.0111 io/s,0 io/s,0 io/s,0 io/s,0 io/s,16.5 io/s,0 io/s
2026-06-04 16:05:30,0 io/s,0 io/s,0 io/s,0.0111 io/s,0 io/s,0 io/s,0 io/s,0 io/s,16.7 io/s,0 io/s
2026-06-04 16:06:00,0 io/s,0 io/s,0 io/s,0.0111 io/s,0 io/s,0 io/s,0 io/s,0 io/s,16.6 io/s,0 io/s
2026-06-04 16:06:30,0 io/s,0 io/s,0 io/s,0.0111 io/s,0 io/s,0 io/s,0 io/s,0 io/s,16.4 io/s,0 io/s
2026-06-04 16:07:00,0 io/s,0 io/s,0 io/s,0.0111 io/s,0 io/s,0 io/s,0 io/s,0 io/s,16.1 io/s,0 io/s
2026-06-04 16:07:30,0 io/s,0 io/s,0 io/s,0.0111 io/s,0 io/s,0 io/s,0 io/s,0 io/s,16.4 io/s,0 io/s
2026-06-04 16:08:00,0 io/s,0 io/s,0 io/s,0.0111 io/s,0 io/s,0 io/s,0 io/s,0 io/s,15.9 io/s,0 io/s
2026-06-04 16:08:30,0 io/s,0 io/s,0 io/s,0.0111 io/s,0 io/s,0 io/s,0 io/s,0 io/s,16.0 io/s,0 io/s
2026-06-04 16:09:00,0 io/s,0 io/s,0 io/s,0 io/s,0 io/s,0 io/s,0 io/s,0 io/s,15.9 io/s,0 io/s
2026-06-04 16:09:30,0 io/s,0 io/s,0 io/s,0.0222 io/s,0 io/s,0 io/s,0 io/s,0 io/s,16.2 io/s,0 io/s
2026-06-04 16:10:00,0 io/s,0 io/s,0 io/s,0.0444 io/s,0 io/s,0 io/s,0 io/s,0 io/s,17.1 io/s,0 io/s
2026-06-04 16:10:30,0 io/s,0 io/s,0 io/s,0.0444 io/s,0 io/s,0 io/s,0 io/s,0 io/s,17.7 io/s,0 io/s
2026-06-04 16:11:00,0 io/s,0 io/s,0 io/s,0.0222 io/s,0 io/s,0 io/s,0 io/s,0 io/s,17.7 io/s,0 io/s
2026-06-04 16:11:30,0 io/s,0 io/s,0 io/s,0 io/s,0 io/s,0 io/s,0 io/s,0 io/s,16.6 io/s,0 io/s
2026-06-04 16:12:00,0 io/s,0 io/s,0 io/s,0 io/s,0 io/s,0 io/s,0 io/s,0 io/s,16.0 io/s,0 io/s
2026-06-04 16:12:30,0 io/s,0 io/s,0 io/s,0 io/s,0 io/s,0 io/s,0 io/s,0 io/s,15.8 io/s,0 io/s
2026-06-04 16:13:00,0 io/s,0 io/s,0 io/s,0.0111 io/s,0 io/s,0 io/s,0 io/s,0 io/s,15.8 io/s,0 io/s
2026-06-04 16:13:30,0 io/s,0 io/s,0 io/s,0.0111 io/s,0 io/s,0 io/s,0 io/s,0 io/s,15.9 io/s,0 io/s
2026-06-04 16:14:00,0 io/s,0 io/s,0 io/s,0.0111 io/s,0 io/s,0 io/s,0 io/s,0 io/s,16.1 io/s,0 io/s
2026-06-04 16:14:30,0 io/s,0 io/s,0 io/s,0 io/s,0 io/s,0 io/s,0 io/s,0 io/s,16.1 io/s,0 io/s
2026-06-04 16:15:00,0 io/s,0 io/s,0 io/s,0.0111 io/s,0 io/s,0 io/s,0 io/s,0 io/s,16.2 io/s,0 io/s
2026-06-04 16:15:30,0 io/s,0 io/s,0 io/s,0.0111 io/s,0 io/s,0 io/s,0 io/s,0 io/s,16.6 io/s,0 io/s
2026-06-04 16:16:00,0 io/s,0 io/s,0 io/s,0.0222 io/s,0 io/s,0 io/s,0 io/s,0 io/s,16.7 io/s,0 io/s
2026-06-04 16:16:30,0 io/s,0 io/s,0 io/s,0.0111 io/s,0 io/s,0 io/s,0 io/s,0 io/s,16.8 io/s,0 io/s
2026-06-04 16:17:00,0 io/s,0 io/s,0 io/s,0.0111 io/s,0 io/s,0 io/s,0 io/s,0 io/s,16.6 io/s,0 io/s
2026-06-04 16:17:30,0 io/s,0 io/s,0 io/s,0 io/s,0 io/s,0 io/s,0 io/s,0 io/s,16.6 io/s,0 io/s
2026-06-04 16:18:00,0 io/s,0 io/s,0 io/s,0 io/s,0 io/s,0 io/s,0 io/s,0 io/s,16.2 io/s,0 io/s
2026-06-04 16:18:30,0 io/s,0 io/s,0 io/s,0.0111 io/s,0 io/s,0 io/s,0 io/s,0 io/s,16.2 io/s,0 io/s
2026-06-04 16:19:00,0 io/s,0 io/s,0 io/s,0.0111 io/s,0 io/s,0 io/s,0 io/s,0 io/s,16.9 io/s,0 io/s
2026-06-04 16:19:30,0 io/s,0 io/s,0 io/s,0.0111 io/s,0 io/s,0 io/s,0 io/s,0 io/s,19.1 io/s,0 io/s
2026-06-04 16:20:00,0 io/s,0 io/s,0 io/s,0 io/s,0 io/s,0 io/s,0 io/s,0 io/s,20.2 io/s,0 io/s
2026-06-04 16:20:30,0 io/s,0 io/s,0 io/s,0 io/s,0 io/s,0 io/s,0 io/s,0 io/s,19.8 io/s,0 io/s
2026-06-04 16:21:00,0 io/s,0 io/s,0 io/s,0 io/s,0 io/s,0 io/s,0 io/s,0 io/s,17.7 io/s,0 io/s
2026-06-04 16:21:30,0 io/s,0 io/s,0 io/s,0 io/s,0 io/s,0 io/s,0 io/s,0 io/s,16.7 io/s,0 io/s
2026-06-04 16:22:00,0 io/s,0 io/s,0 io/s,0 io/s,0 io/s,0 io/s,0 io/s,0 io/s,16.1 io/s,0 io/s
2026-06-04 16:22:30,0 io/s,0 io/s,0 io/s,0.0111 io/s,0 io/s,0 io/s,0 io/s,0 io/s,16.6 io/s,0 io/s
2026-06-04 16:23:00,0 io/s,0 io/s,0 io/s,0.0111 io/s,0 io/s,0 io/s,0 io/s,0 io/s,16.1 io/s,0 io/s
2026-06-04 16:23:30,0 io/s,0 io/s,0 io/s,0.0111 io/s,0 io/s,0 io/s,0 io/s,0 io/s,15.8 io/s,0 io/s
2026-06-04 16:24:00,0 io/s,0 io/s,0 io/s,0.0111 io/s,0 io/s,0 io/s,0 io/s,0 io/s,15.0 io/s,0 io/s
2026-06-04 16:24:30,0 io/s,0 io/s,0 io/s,0.0111 io/s,0 io/s,0 io/s,0 io/s,0 io/s,15.2 io/s,0 io/s
2026-06-04 16:25:00,0 io/s,0 io/s,0 io/s,0.0111 io/s,0 io/s,0 io/s,0 io/s,0 io/s,15.7 io/s,0 io/s
2026-06-04 16:25:30,0 io/s,0 io/s,0 io/s,0 io/s,0 io/s,0 io/s,0 io/s,0 io/s,16.2 io/s,0 io/s
2026-06-04 16:26:00,0 io/s,0 io/s,0 io/s,0 io/s,0 io/s,0 io/s,0 io/s,0 io/s,16.4 io/s,0 io/s
2026-06-04 16:26:30,0 io/s,0 io/s,0 io/s,0.0111 io/s,0 io/s,0 io/s,0 io/s,0 io/s,16.7 io/s,0 io/s
2026-06-04 16:27:00,0 io/s,0 io/s,0 io/s,0.0111 io/s,0 io/s,0 io/s,0 io/s,0 io/s,16.7 io/s,0 io/s
2026-06-04 16:27:30,0 io/s,0 io/s,0 io/s,0.0111 io/s,0 io/s,0 io/s,0 io/s,0 io/s,16.4 io/s,0 io/s
2026-06-04 16:28:00,0 io/s,0 io/s,0 io/s,0.0111 io/s,0 io/s,0 io/s,0 io/s,0 io/s,16.2 io/s,0 io/s
2026-06-04 16:28:30,0 io/s,0 io/s,0 io/s,0.0222 io/s,0 io/s,0 io/s,0 io/s,0 io/s,15.9 io/s,0 io/s
2026-06-04 16:29:00,0 io/s,0 io/s,0 io/s,0.0444 io/s,0 io/s,0 io/s,0 io/s,0 io/s,16.1 io/s,0 io/s
2026-06-04 16:29:30,0 io/s,0 io/s,0 io/s,0.0333 io/s,0 io/s,0 io/s,0 io/s,0 io/s,15.9 io/s,0 io/s
2026-06-04 16:30:00,0 io/s,0 io/s,0 io/s,0.0222 io/s,0 io/s,0 io/s,0 io/s,0 io/s,16.9 io/s,0 io/s
2026-06-04 16:30:30,0 io/s,0 io/s,0 io/s,0 io/s,0 io/s,0 io/s,0 io/s,0 io/s,17.3 io/s,0 io/s
2026-06-04 16:31:00,0 io/s,0 io/s,0 io/s,0.0333 io/s,0 io/s,0 io/s,0 io/s,0 io/s,17.4 io/s,0 io/s
2026-06-04 16:31:30,0 io/s,0 io/s,0 io/s,0.0444 io/s,0 io/s,0 io/s,0 io/s,0 io/s,16.9 io/s,0 io/s
2026-06-04 16:32:00,0 io/s,0 io/s,0 io/s,0.0444 io/s,0 io/s,0 io/s,0 io/s,0 io/s,16.6 io/s,0 io/s
2026-06-04 16:32:30,0 io/s,0 io/s,0 io/s,0.0111 io/s,0 io/s,0 io/s,0 io/s,0 io/s,16.4 io/s,0 io/s
2026-06-04 16:33:00,0 io/s,0 io/s,0 io/s,0.0333 io/s,0 io/s,0 io/s,0 io/s,0 io/s,15.8 io/s,0 io/s
2026-06-04 16:33:30,0 io/s,0 io/s,0 io/s,0.0333 io/s,0 io/s,0 io/s,0 io/s,0 io/s,16.0 io/s,0 io/s
2026-06-04 16:34:00,0 io/s,0 io/s,0 io/s,0.0333 io/s,0 io/s,0 io/s,0 io/s,0 io/s,16.3 io/s,0 io/s
2026-06-04 16:34:30,0 io/s,0 io/s,0 io/s,0 io/s,0 io/s,0 io/s,0 io/s,0 io/s,16.5 io/s,0 io/s
2026-06-04 16:35:00,0 io/s,0 io/s,0 io/s,0 io/s,0 io/s,0 io/s,0 io/s,0 io/s,15.7 io/s,0 io/s
2026-06-04 16:35:30,0 io/s,0 io/s,0 io/s,0.0111 io/s,0 io/s,0 io/s,0 io/s,0 io/s,16.2 io/s,0 io/s
2026-06-04 16:36:00,0 io/s,0 io/s,0 io/s,0.0111 io/s,0 io/s,0 io/s,0 io/s,0 io/s,16.5 io/s,0 io/s
2026-06-04 16:36:30,0 io/s,0 io/s,0 io/s,0.0111 io/s,0 io/s,0 io/s,0 io/s,0 io/s,21.4 io/s,0 io/s
2026-06-04 16:37:00,0 io/s,0 io/s,0 io/s,0.0111 io/s,0 io/s,0 io/s,0 io/s,0 io/s,20.8 io/s,0 io/s
2026-06-04 16:37:30,0 io/s,0 io/s,0 io/s,0.0111 io/s,0 io/s,0 io/s,0 io/s,0 io/s,21.0 io/s,0 io/s
2026-06-04 16:38:00,0 io/s,0 io/s,0 io/s,0.0111 io/s,0 io/s,0 io/s,0 io/s,0 io/s,16.7 io/s,0 io/s
2026-06-04 16:38:30,0 io/s,0 io/s,0 io/s,0 io/s,0 io/s,0 io/s,0 io/s,0 io/s,16.2 io/s,0 io/s
2026-06-04 16:39:00,0 io/s,0 io/s,0 io/s,0.0111 io/s,0 io/s,0 io/s,0 io/s,0 io/s,14.4 io/s,0 io/s
2026-06-04 16:39:30,0 io/s,0 io/s,0 io/s,0.0111 io/s,0 io/s,0 io/s,0 io/s,0 io/s,14.2 io/s,0 io/s
2026-06-04 16:40:00,0 io/s,0 io/s,0 io/s,0.0111 io/s,0 io/s,0 io/s,0 io/s,0 io/s,14.9 io/s,0 io/s
2026-06-04 16:40:30,0 io/s,0 io/s,0 io/s,0.0111 io/s,0 io/s,0 io/s,0 io/s,0 io/s,16.7 io/s,0 io/s
2026-06-04 16:41:00,0 io/s,0 io/s,0 io/s,0.0111 io/s,0 io/s,0 io/s,0 io/s,0 io/s,21.1 io/s,0 io/s
2026-06-04 16:41:30,0 io/s,0 io/s,0 io/s,0.0333 io/s,0 io/s,0 io/s,0 io/s,0 io/s,20.9 io/s,0 io/s
2026-06-04 16:42:00,0 io/s,0 io/s,0 io/s,0.0222 io/s,0 io/s,0 io/s,0 io/s,0 io/s,20.7 io/s,0 io/s
2026-06-04 16:42:30,0 io/s,0 io/s,0 io/s,0.0333 io/s,0 io/s,0 io/s,0 io/s,0 io/s,16.5 io/s,0 io/s
2026-06-04 16:43:00,0 io/s,0 io/s,0 io/s,0.0111 io/s,0 io/s,0 io/s,0 io/s,0 io/s,16.4 io/s,0 io/s
2026-06-04 16:43:30,0 io/s,0 io/s,0 io/s,0.0111 io/s,0 io/s,0 io/s,0 io/s,0 io/s,16.0 io/s,0 io/s
2026-06-04 16:44:00,0 io/s,0 io/s,0 io/s,0 io/s,0 io/s,0 io/s,0 io/s,0 io/s,16.2 io/s,0 io/s
2026-06-04 16:44:30,0 io/s,0 io/s,0 io/s,0.0111 io/s,0 io/s,0 io/s,0 io/s,0 io/s,16.1 io/s,0 io/s
2026-06-04 16:45:00,0 io/s,0 io/s,0 io/s,0.0778 io/s,0 io/s,0 io/s,0 io/s,0 io/s,16.9 io/s,0 io/s
2026-06-04 16:45:30,0 io/s,0 io/s,0 io/s,0.0778 io/s,0 io/s,0 io/s,0 io/s,0 io/s,16.9 io/s,0 io/s
2026-06-04 16:46:00,0 io/s,0 io/s,0 io/s,0.0667 io/s,0 io/s,0 io/s,0 io/s,0 io/s,17.2 io/s,0 io/s
2026-06-04 16:46:30,0 io/s,0 io/s,0 io/s,0 io/s,0 io/s,0 io/s,0 io/s,0 io/s,16.5 io/s,0 io/s
2026-06-04 16:47:00,0 io/s,0 io/s,0 io/s,0 io/s,0 io/s,0 io/s,0 io/s,0 io/s,16.2 io/s,0 io/s
2026-06-04 16:47:30,0 io/s,0 io/s,0 io/s,0.0111 io/s,0 io/s,0 io/s,0 io/s,0 io/s,15.9 io/s,0 io/s
2026-06-04 16:48:00,0 io/s,0 io/s,0 io/s,0.0111 io/s,0 io/s,0 io/s,0 io/s,0 io/s,16.0 io/s,0 io/s
2026-06-04 16:48:30,0 io/s,0 io/s,0 io/s,0.0111 io/s,0 io/s,0 io/s,0 io/s,0 io/s,16.2 io/s,0 io/s
2026-06-04 16:49:00,0 io/s,0 io/s,0 io/s,0 io/s,0 io/s,0 io/s,0 io/s,0 io/s,16.9 io/s,0 io/s
2026-06-04 16:49:30,0 io/s,0 io/s,0 io/s,0 io/s,0 io/s,0 io/s,0 io/s,0 io/s,16.9 io/s,0 io/s
2026-06-04 16:50:00,0 io/s,0 io/s,0 io/s,0 io/s,0 io/s,0 io/s,0 io/s,0 io/s,17.6 io/s,0 io/s
2026-06-04 16:50:30,0 io/s,0 io/s,0 io/s,0 io/s,0 io/s,0 io/s,0 io/s,0 io/s,17.4 io/s,0 io/s
2026-06-04 16:51:00,0 io/s,0 io/s,0 io/s,0 io/s,0 io/s,0 io/s,0 io/s,0 io/s,17.7 io/s,0 io/s
2026-06-04 16:51:30,0 io/s,0 io/s,0 io/s,0 io/s,0 io/s,0 io/s,0 io/s,0 io/s,16.7 io/s,0 io/s
2026-06-04 16:52:00,0 io/s,0 io/s,0 io/s,0 io/s,0 io/s,0 io/s,0 io/s,0 io/s,16.3 io/s,0 io/s
2026-06-04 16:52:30,0 io/s,0 io/s,0 io/s,0 io/s,0 io/s,0 io/s,0 io/s,0 io/s,17.6 io/s,0 io/s
2026-06-04 16:53:00,0 io/s,0 io/s,0 io/s,0 io/s,0 io/s,0 io/s,0 io/s,0 io/s,22.1 io/s,0 io/s
2026-06-04 16:53:30,0 io/s,0 io/s,0 io/s,0 io/s,0 io/s,0 io/s,0 io/s,0 io/s,22.0 io/s,0 io/s
2026-06-04 16:54:00,0 io/s,0 io/s,0 io/s,0 io/s,0 io/s,0 io/s,0 io/s,0 io/s,20.4 io/s,0 io/s
2026-06-04 16:54:30,0 io/s,0 io/s,0 io/s,0 io/s,0 io/s,0 io/s,0 io/s,0 io/s,15.7 io/s,0 io/s
2026-06-04 16:55:00,0 io/s,0 io/s,0 io/s,0 io/s,0 io/s,0 io/s,0 io/s,0 io/s,15.9 io/s,0 io/s
2026-06-04 16:55:30,0 io/s,0 io/s,0 io/s,0.0111 io/s,0 io/s,0 io/s,0 io/s,0 io/s,15.5 io/s,0 io/s
2026-06-04 16:56:00,0 io/s,0 io/s,0 io/s,0.0222 io/s,0 io/s,0 io/s,0 io/s,0 io/s,15.7 io/s,0 io/s
2026-06-04 16:56:30,0 io/s,0 io/s,0 io/s,0.0222 io/s,0 io/s,0 io/s,0 io/s,0 io/s,15.5 io/s,0 io/s
2026-06-04 16:57:00,0 io/s,0 io/s,0 io/s,0.0111 io/s,0 io/s,0 io/s,0 io/s,0 io/s,15.5 io/s,0 io/s
2026-06-04 16:57:30,0 io/s,0 io/s,0 io/s,0 io/s,0 io/s,0 io/s,0 io/s,0 io/s,14.6 io/s,0 io/s
2026-06-04 16:58:00,0 io/s,0 io/s,0 io/s,0 io/s,0 io/s,0 io/s,0 io/s,0 io/s,13.7 io/s,0 io/s
2026-06-04 16:58:30,0 io/s,0 io/s,0 io/s,0.0111 io/s,0 io/s,0 io/s,0 io/s,0 io/s,13.6 io/s,0 io/s
2026-06-04 16:59:00,0 io/s,0 io/s,0 io/s,0.0111 io/s,0 io/s,0 io/s,0 io/s,0 io/s,14.2 io/s,0 io/s
2026-06-04 16:59:30,0 io/s,0 io/s,0 io/s,0.0111 io/s,0 io/s,0 io/s,0 io/s,0 io/s,15.4 io/s,0 io/s
2026-06-04 17:00:00,0 io/s,0 io/s,0 io/s,0 io/s,0 io/s,0 io/s,0 io/s,0 io/s,16.4 io/s,0 io/s
2026-06-04 17:00:30,0 io/s,0 io/s,0 io/s,0 io/s,0 io/s,0 io/s,0 io/s,0 io/s,16.4 io/s,0 io/s
2026-06-04 17:01:00,0 io/s,0 io/s,0 io/s,0.0111 io/s,0 io/s,0 io/s,0 io/s,0 io/s,16.4 io/s,0 io/s
2026-06-04 17:01:30,0 io/s,0 io/s,0 io/s,0.0111 io/s,0 io/s,0 io/s,0 io/s,0 io/s,16.3 io/s,0 io/s
2026-06-04 17:02:00,0 io/s,0 io/s,0 io/s,0.0111 io/s,0 io/s,0 io/s,0 io/s,0 io/s,16.4 io/s,0 io/s
2026-06-04 17:02:30,0 io/s,0 io/s,0 io/s,0 io/s,0 io/s,0 io/s,0 io/s,0 io/s,16.3 io/s,0 io/s
2026-06-04 17:03:00,0 io/s,0 io/s,0 io/s,0 io/s,0 io/s,0 io/s,0 io/s,0 io/s,16.1 io/s,0 io/s
2026-06-04 17:03:30,0 io/s,0 io/s,0 io/s,0 io/s,0 io/s,0 io/s,0 io/s,0 io/s,16.3 io/s,0 io/s
2026-06-04 17:04:00,0 io/s,0 io/s,0 io/s,0 io/s,0 io/s,0 io/s,0 io/s,0 io/s,16.0 io/s,0 io/s
2026-06-04 17:04:30,0 io/s,0 io/s,0 io/s,0 io/s,0 io/s,0 io/s,0 io/s,0 io/s,16.3 io/s,0 io/s
2026-06-04 17:05:00,0 io/s,0 io/s,0 io/s,0 io/s,0 io/s,0 io/s,0 io/s,0 io/s,16.9 io/s,0 io/s
2026-06-04 17:05:30,0 io/s,0 io/s,0 io/s,0 io/s,0 io/s,0 io/s,0 io/s,0 io/s,17.4 io/s,0 io/s
2026-06-04 17:06:00,0 io/s,0 io/s,0 io/s,0 io/s,0 io/s,0 io/s,0 io/s,0 io/s,16.8 io/s,0 io/s
2026-06-04 17:06:30,0 io/s,0 io/s,0 io/s,0 io/s,0 io/s,0 io/s,0 io/s,0 io/s,16.6 io/s,0 io/s
2026-06-04 17:07:00,0 io/s,0 io/s,0 io/s,0 io/s,0 io/s,0 io/s,0 io/s,0 io/s,16.6 io/s,0 io/s
2026-06-04 17:07:30,0 io/s,0 io/s,0 io/s,0 io/s,0 io/s,0 io/s,0 io/s,0 io/s,17.2 io/s,0 io/s
2026-06-04 17:08:00,0 io/s,0 io/s,0 io/s,0 io/s,0 io/s,0 io/s,0 io/s,0 io/s,16.5 io/s,0 io/s
2026-06-04 17:08:30,0 io/s,0 io/s,0 io/s,0 io/s,0 io/s,0 io/s,0 io/s,0 io/s,16.6 io/s,0 io/s
2026-06-04 17:09:00,0 io/s,0 io/s,0 io/s,0 io/s,0 io/s,0 io/s,0 io/s,0 io/s,17.9 io/s,0 io/s
2026-06-04 17:09:30,0 io/s,0 io/s,0 io/s,0 io/s,0 io/s,0 io/s,0 io/s,0 io/s,18.1 io/s,0 io/s
2026-06-04 17:10:00,0 io/s,0 io/s,0 io/s,0 io/s,0 io/s,0 io/s,0 io/s,0 io/s,22.5 io/s,0 io/s
2026-06-04 17:10:30,0 io/s,0 io/s,0 io/s,0 io/s,0 io/s,0 io/s,0 io/s,0 io/s,21.3 io/s,0 io/s
2026-06-04 17:11:00,0 io/s,0 io/s,0 io/s,0 io/s,0 io/s,0 io/s,0 io/s,0 io/s,22.0 io/s,0 io/s
2026-06-04 17:11:30,0 io/s,0 io/s,0 io/s,0 io/s,0 io/s,0 io/s,0 io/s,0 io/s,17.5 io/s,0 io/s
2026-06-04 17:12:00,0 io/s,0 io/s,0 io/s,0 io/s,0 io/s,0 io/s,0 io/s,0 io/s,16.6 io/s,0 io/s
2026-06-04 17:12:30,0 io/s,0 io/s,0 io/s,0 io/s,0 io/s,0 io/s,0 io/s,0 io/s,16.4 io/s,0 io/s
2026-06-04 17:13:00,0 io/s,0 io/s,0 io/s,0 io/s,0 io/s,0 io/s,0 io/s,0 io/s,16.3 io/s,0 io/s
2026-06-04 17:13:30,0 io/s,0 io/s,0 io/s,0 io/s,0 io/s,0 io/s,0 io/s,0 io/s,16.8 io/s,0 io/s
2026-06-04 17:14:00,0 io/s,0 io/s,0 io/s,0 io/s,0 io/s,0 io/s,0 io/s,0 io/s,16.9 io/s,0 io/s
2026-06-04 17:14:30,0 io/s,0 io/s,0 io/s,0 io/s,0 io/s,0 io/s,0 io/s,0 io/s,16.4 io/s,0 io/s
2026-06-04 17:15:00,0 io/s,0 io/s,0 io/s,0 io/s,0 io/s,0 io/s,0 io/s,0 io/s,15.8 io/s,0 io/s
2026-06-04 17:15:30,0 io/s,0 io/s,0 io/s,0 io/s,0 io/s,0 io/s,0 io/s,0 io/s,14.6 io/s,0 io/s
2026-06-04 17:16:00,0 io/s,0 io/s,0 io/s,0.0111 io/s,0 io/s,0 io/s,0 io/s,0 io/s,14.8 io/s,0 io/s
2026-06-04 17:16:30,0 io/s,0 io/s,0 io/s,0.0111 io/s,0 io/s,0 io/s,0 io/s,0 io/s,15.3 io/s,0 io/s
2026-06-04 17:17:00,0 io/s,0 io/s,0 io/s,0.0222 io/s,0 io/s,0 io/s,0 io/s,0 io/s,16.2 io/s,0 io/s
2026-06-04 17:17:30,0 io/s,0 io/s,0 io/s,0.0222 io/s,0 io/s,0 io/s,0 io/s,0 io/s,16.8 io/s,0 io/s
2026-06-04 17:18:00,0 io/s,0 io/s,0 io/s,0.0222 io/s,0 io/s,0 io/s,0 io/s,0 io/s,16.6 io/s,0 io/s
2026-06-04 17:18:30,0 io/s,0 io/s,0 io/s,0.0111 io/s,0 io/s,0 io/s,0 io/s,0 io/s,17.5 io/s,0 io/s
2026-06-04 17:19:00,0 io/s,0 io/s,0 io/s,0 io/s,0 io/s,0 io/s,0 io/s,0 io/s,17.1 io/s,0 io/s
2026-06-04 17:19:30,0 io/s,0 io/s,0 io/s,0 io/s,0 io/s,0 io/s,0 io/s,0 io/s,17.5 io/s,0 io/s
2026-06-04 17:20:00,0 io/s,0 io/s,0 io/s,0.0111 io/s,0 io/s,0 io/s,0 io/s,0 io/s,16.7 io/s,0 io/s
2026-06-04 17:20:30,0 io/s,0 io/s,0 io/s,0.0111 io/s,0 io/s,0 io/s,0 io/s,0 io/s,17.1 io/s,0 io/s
2026-06-04 17:21:00,0 io/s,0 io/s,0 io/s,0.0111 io/s,0 io/s,0 io/s,0 io/s,0 io/s,16.7 io/s,0 io/s
2026-06-04 17:21:30,0 io/s,0 io/s,0 io/s,0 io/s,0 io/s,0 io/s,0 io/s,0 io/s,16.6 io/s,0 io/s
2026-06-04 17:22:00,0 io/s,0 io/s,0 io/s,0 io/s,0 io/s,0 io/s,0 io/s,0 io/s,16.5 io/s,0 io/s
2026-06-04 17:22:30,0 io/s,0 io/s,0 io/s,0 io/s,0 io/s,0 io/s,0 io/s,0 io/s,17.0 io/s,0 io/s
2026-06-04 17:23:00,0 io/s,0 io/s,0 io/s,0 io/s,0 io/s,0 io/s,0 io/s,0 io/s,16.5 io/s,0 io/s
2026-06-04 17:23:30,0 io/s,0 io/s,0 io/s,0 io/s,0 io/s,0 io/s,0 io/s,0 io/s,16.4 io/s,0 io/s
2026-06-04 17:24:00,0 io/s,0 io/s,0 io/s,0 io/s,0 io/s,0 io/s,0 io/s,0 io/s,16.3 io/s,0 io/s
2026-06-04 17:24:30,0 io/s,0 io/s,0 io/s,0.0111 io/s,0 io/s,0 io/s,0 io/s,0 io/s,16.8 io/s,0 io/s
2026-06-04 17:25:00,0 io/s,0 io/s,0 io/s,0.0111 io/s,0 io/s,0 io/s,0 io/s,0 io/s,17.2 io/s,0 io/s
2026-06-04 17:25:30,0 io/s,0 io/s,0 io/s,0.0111 io/s,0 io/s,0 io/s,0 io/s,0 io/s,18.2 io/s,0 io/s
2026-06-04 17:26:00,0 io/s,0 io/s,0 io/s,0 io/s,0 io/s,0 io/s,0 io/s,0 io/s,18.6 io/s,0 io/s
2026-06-04 17:26:30,0 io/s,0 io/s,0 io/s,0 io/s,0 io/s,0 io/s,0 io/s,0 io/s,22.5 io/s,0 io/s
2026-06-04 17:27:00,0 io/s,0 io/s,0 io/s,0 io/s,0 io/s,0 io/s,0 io/s,0 io/s,21.2 io/s,0 io/s
2026-06-04 17:27:30,0 io/s,0 io/s,0 io/s,0 io/s,0 io/s,0 io/s,0 io/s,0 io/s,20.7 io/s,0 io/s
2026-06-04 17:28:00,0 io/s,0 io/s,0 io/s,0.0111 io/s,0 io/s,0 io/s,0 io/s,0 io/s,17.5 io/s,0 io/s
2026-06-04 17:28:30,0 io/s,0 io/s,0 io/s,0.0111 io/s,0 io/s,0 io/s,0 io/s,0 io/s,18.7 io/s,0 io/s
2026-06-04 17:29:00,0 io/s,0 io/s,0 io/s,0.0111 io/s,0 io/s,0 io/s,0 io/s,0 io/s,18.2 io/s,0 io/s
2026-06-04 17:29:30,0 io/s,0 io/s,0 io/s,0 io/s,0 io/s,0 io/s,0 io/s,0 io/s,17.3 io/s,0 io/s
2026-06-04 17:30:00,0 io/s,0 io/s,0 io/s,0.0111 io/s,0 io/s,0 io/s,0 io/s,0 io/s,16.6 io/s,0 io/s
2026-06-04 17:30:30,0 io/s,0 io/s,0 io/s,0.0111 io/s,0 io/s,0 io/s,0 io/s,0 io/s,17.6 io/s,0 io/s
2026-06-04 17:31:00,0 io/s,0 io/s,0 io/s,0.0111 io/s,0 io/s,0 io/s,0 io/s,0 io/s,17.4 io/s,0 io/s
2026-06-04 17:31:30,0 io/s,0 io/s,0 io/s,0.0111 io/s,0 io/s,0 io/s,0 io/s,0 io/s,16.8 io/s,0 io/s
2026-06-04 17:32:00,0 io/s,0 io/s,0 io/s,0.0111 io/s,0 io/s,0 io/s,0 io/s,0 io/s,16.5 io/s,0 io/s
2026-06-04 17:32:30,0 io/s,0 io/s,0 io/s,0.0111 io/s,0 io/s,0 io/s,0 io/s,0 io/s,16.6 io/s,0 io/s
2026-06-04 17:33:00,0 io/s,0 io/s,0 io/s,0 io/s,0 io/s,0 io/s,0 io/s,0 io/s,17.0 io/s,0 io/s
2026-06-04 17:33:30,0 io/s,0 io/s,0 io/s,0 io/s,0 io/s,0 io/s,0 io/s,0 io/s,16.7 io/s,0 io/s
2026-06-04 17:34:00,0 io/s,0 io/s,0 io/s,0.0111 io/s,0 io/s,0 io/s,0 io/s,0 io/s,15.1 io/s,0 io/s
2026-06-04 17:34:30,0 io/s,0 io/s,0 io/s,0.0111 io/s,0 io/s,0 io/s,0 io/s,0 io/s,14.4 io/s,0 io/s
2026-06-04 17:35:00,0 io/s,0 io/s,0 io/s,0.0111 io/s,0 io/s,0 io/s,0 io/s,0 io/s,14.7 io/s,0 io/s
2026-06-04 17:35:30,0 io/s,0 io/s,0 io/s,0 io/s,0 io/s,0 io/s,0 io/s,0 io/s,16.5 io/s,0 io/s
2026-06-04 17:36:00,0 io/s,0 io/s,0 io/s,0.189 io/s,0 io/s,0 io/s,0 io/s,0 io/s,16.9 io/s,0 io/s
2026-06-04 17:36:30,0 io/s,0 io/s,0 io/s,0.189 io/s,0 io/s,0 io/s,0 io/s,0 io/s,16.9 io/s,0 io/s
2026-06-04 17:37:00,0 io/s,0 io/s,0 io/s,0.189 io/s,0 io/s,0 io/s,0 io/s,0 io/s,16.3 io/s,0 io/s
2026-06-04 17:37:30,0 io/s,0 io/s,0 io/s,0.0111 io/s,0 io/s,0 io/s,0 io/s,0 io/s,16.8 io/s,0 io/s
2026-06-04 17:38:00,0 io/s,0 io/s,0 io/s,0.0111 io/s,0 io/s,0 io/s,0 io/s,0 io/s,17.4 io/s,0 io/s
2026-06-04 17:38:30,0 io/s,0 io/s,0 io/s,0.0222 io/s,0 io/s,0 io/s,0 io/s,0 io/s,17.1 io/s,0 io/s
2026-06-04 17:39:00,0 io/s,0 io/s,0 io/s,0.0111 io/s,0 io/s,0 io/s,0 io/s,0 io/s,16.8 io/s,0 io/s
2026-06-04 17:39:30,0 io/s,0 io/s,0 io/s,0.0111 io/s,0 io/s,0 io/s,0 io/s,0 io/s,16.2 io/s,0 io/s
2026-06-04 17:40:00,0 io/s,0 io/s,0 io/s,0.0111 io/s,0 io/s,0 io/s,0 io/s,0 io/s,17.4 io/s,0 io/s
2026-06-04 17:40:30,0 io/s,0 io/s,0 io/s,0.0222 io/s,0 io/s,0 io/s,0 io/s,0 io/s,18.5 io/s,0 io/s
2026-06-04 17:41:00,0 io/s,0 io/s,0 io/s,0.0222 io/s,0 io/s,0 io/s,0 io/s,0 io/s,18.5 io/s,0 io/s
2026-06-04 17:41:30,0 io/s,0 io/s,0 io/s,0.0111 io/s,0 io/s,0 io/s,0 io/s,0 io/s,17.5 io/s,0 io/s
2026-06-04 17:42:00,0 io/s,0 io/s,0 io/s,0 io/s,0 io/s,0 io/s,0 io/s,0 io/s,16.4 io/s,0 io/s
2026-06-04 17:42:30,0 io/s,0 io/s,0 io/s,0.0111 io/s,0 io/s,0 io/s,0 io/s,0 io/s,17.7 io/s,0 io/s
2026-06-04 17:43:00,0 io/s,0 io/s,0 io/s,0.0111 io/s,0 io/s,0 io/s,0 io/s,0 io/s,22.1 io/s,0 io/s
2026-06-04 17:43:30,0 io/s,0 io/s,0 io/s,0.0222 io/s,0 io/s,0 io/s,0 io/s,0 io/s,22.1 io/s,0 io/s
2026-06-04 17:44:00,0 io/s,0 io/s,0 io/s,0.0111 io/s,0 io/s,0 io/s,0 io/s,0 io/s,20.6 io/s,0 io/s
2026-06-04 17:44:30,0 io/s,0 io/s,0 io/s,0.0111 io/s,0 io/s,0 io/s,0 io/s,0 io/s,15.9 io/s,0 io/s
2026-06-04 17:45:00,0 io/s,0 io/s,0 io/s,0 io/s,0 io/s,0 io/s,0 io/s,0 io/s,16.5 io/s,0 io/s
2026-06-04 17:45:30,0 io/s,0 io/s,0 io/s,0 io/s,0 io/s,0 io/s,0 io/s,0 io/s,16.7 io/s,0 io/s
2026-06-04 17:46:00,0 io/s,0 io/s,0 io/s,0 io/s,0 io/s,0 io/s,0 io/s,0 io/s,17.3 io/s,0 io/s
2026-06-04 17:46:30,0 io/s,0.300 io/s,0 io/s,0.667 io/s,0 io/s,0 io/s,0 io/s,0 io/s,28.4 io/s,0 io/s
2026-06-04 17:47:00,0 io/s,0.300 io/s,0 io/s,0.667 io/s,0 io/s,0 io/s,0 io/s,0 io/s,28.5 io/s,0 io/s
2026-06-04 17:47:30,0 io/s,0.300 io/s,0 io/s,0.667 io/s,0 io/s,0 io/s,0 io/s,0 io/s,27.9 io/s,0 io/s
2026-06-04 17:48:00,0 io/s,0 io/s,0 io/s,0 io/s,0 io/s,0 io/s,0 io/s,0 io/s,16.4 io/s,0 io/s
2026-06-04 17:48:30,0 io/s,0 io/s,0 io/s,0 io/s,0 io/s,0 io/s,0 io/s,0 io/s,16.7 io/s,0 io/s
2026-06-04 17:49:00,0 io/s,0 io/s,0 io/s,0 io/s,0 io/s,0 io/s,0 io/s,0 io/s,17.3 io/s,0 io/s
2026-06-04 17:49:30,0 io/s,0 io/s,0 io/s,0 io/s,0 io/s,0 io/s,0 io/s,0 io/s,17.2 io/s,0 io/s
2026-06-04 17:50:00,0 io/s,0 io/s,0 io/s,0.0333 io/s,0 io/s,0 io/s,0 io/s,0 io/s,26.7 io/s,0 io/s
2026-06-04 17:50:30,0 io/s,0 io/s,0 io/s,0.0333 io/s,0 io/s,0 io/s,0 io/s,0 io/s,27.2 io/s,0 io/s
2026-06-04 17:51:00,0 io/s,0 io/s,0 io/s,0.0333 io/s,0 io/s,0 io/s,0 io/s,0 io/s,27.0 io/s,0 io/s
2026-06-04 17:51:30,0 io/s,0 io/s,0 io/s,0 io/s,0 io/s,0 io/s,0 io/s,0 io/s,16.2 io/s,0 io/s
2026-06-04 17:52:00,0 io/s,0 io/s,0 io/s,0 io/s,0 io/s,0 io/s,0 io/s,0 io/s,14.5 io/s,0 io/s
2026-06-04 17:52:30,0 io/s,0 io/s,0 io/s,0.0111 io/s,0 io/s,0 io/s,0 io/s,0 io/s,27.7 io/s,0 io/s
2026-06-04 17:53:00,0 io/s,0 io/s,0 io/s,0.211 io/s,0 io/s,0 io/s,0 io/s,0 io/s,45.2 io/s,0 io/s
2026-06-04 17:53:30,0 io/s,0 io/s,0 io/s,0.356 io/s,0 io/s,0 io/s,0 io/s,0 io/s,75.3 io/s,0 io/s
2026-06-04 17:54:00,0 io/s,0 io/s,0 io/s,0.845 io/s,0 io/s,0 io/s,0 io/s,0 io/s,86.7 io/s,0 io/s
2026-06-04 17:54:30,0 io/s,0 io/s,0 io/s,0.667 io/s,0 io/s,0 io/s,0 io/s,0 io/s,88.1 io/s,0 io/s
2026-06-04 17:55:00,0 io/s,0 io/s,0 io/s,0.578 io/s,0 io/s,0 io/s,0 io/s,0 io/s,80.4 io/s,0 io/s
2026-06-04 17:55:30,0 io/s,0 io/s,0 io/s,0.111 io/s,0 io/s,0 io/s,0 io/s,0 io/s,71.4 io/s,0 io/s
2026-06-04 17:56:00,0 io/s,0 io/s,0 io/s,0.0889 io/s,0 io/s,0 io/s,0 io/s,0 io/s,64.3 io/s,0 io/s
2026-06-04 17:56:30,0 io/s,0 io/s,0 io/s,0.0333 io/s,0 io/s,0 io/s,0 io/s,0 io/s,66.8 io/s,0 io/s
2026-06-04 17:57:00,0 io/s,0 io/s,0 io/s,0 io/s,0 io/s,0 io/s,0 io/s,0 io/s,62.3 io/s,0 io/s
2026-06-04 17:57:30,0 io/s,0 io/s,0 io/s,0.0111 io/s,0 io/s,0 io/s,0 io/s,0 io/s,59.2 io/s,0 io/s
2026-06-04 17:58:00,0 io/s,0 io/s,0 io/s,0.0111 io/s,0 io/s,0 io/s,0 io/s,0 io/s,47.5 io/s,0 io/s
2026-06-04 17:58:30,0 io/s,0 io/s,0 io/s,0.0111 io/s,0 io/s,0 io/s,0 io/s,0 io/s,46.8 io/s,0 io/s
2026-06-04 17:59:00,0 io/s,0 io/s,0 io/s,0.0111 io/s,0 io/s,0 io/s,0 io/s,0 io/s,52.4 io/s,0 io/s
2026-06-04 17:59:30,0 io/s,0 io/s,0 io/s,0.0111 io/s,0 io/s,0 io/s,0 io/s,0 io/s,50.8 io/s,0 io/s
2026-06-04 18:00:00,0 io/s,0 io/s,0 io/s,0.0111 io/s,0 io/s,0 io/s,0 io/s,0 io/s,57.3 io/s,0 io/s
2026-06-04 18:00:30,0 io/s,0 io/s,0 io/s,0.0111 io/s,0 io/s,0 io/s,0 io/s,0 io/s,51.2 io/s,0 io/s
2026-06-04 18:01:00,0 io/s,0 io/s,0 io/s,0.0222 io/s,0 io/s,0 io/s,0 io/s,0 io/s,51.3 io/s,0 io/s
2026-06-04 18:01:30,0 io/s,0 io/s,0 io/s,0.0222 io/s,0 io/s,0 io/s,0 io/s,0 io/s,42.7 io/s,0 io/s
2026-06-04 18:02:00,0 io/s,0 io/s,0 io/s,0.0111 io/s,0 io/s,0 io/s,0 io/s,0 io/s,41.3 io/s,0 io/s
2026-06-04 18:02:30,0 io/s,0 io/s,0 io/s,0 io/s,0 io/s,0 io/s,0 io/s,0 io/s,39.8 io/s,0 io/s
2026-06-04 18:03:00,0 io/s,0 io/s,0 io/s,0 io/s,0 io/s,0 io/s,0 io/s,0 io/s,37.7 io/s,0 io/s
2026-06-04 18:03:30,0 io/s,0 io/s,0 io/s,0 io/s,0 io/s,0 io/s,0 io/s,0 io/s,38.2 io/s,0 io/s
2026-06-04 18:04:00,0 io/s,0 io/s,0 io/s,0 io/s,0 io/s,0 io/s,0 io/s,0 io/s,28.6 io/s,0 io/s
2026-06-04 18:04:30,0 io/s,0 io/s,0 io/s,0 io/s,0 io/s,0 io/s,0 io/s,0 io/s,22.6 io/s,0 io/s
2026-06-04 18:05:00,0 io/s,0 io/s,0 io/s,0.0222 io/s,0 io/s,0 io/s,0 io/s,0 io/s,21.6 io/s,0 io/s
2026-06-04 18:05:30,0 io/s,0 io/s,0 io/s,0.0222 io/s,0 io/s,0 io/s,0 io/s,0 io/s,30.0 io/s,0 io/s
2026-06-04 18:06:00,0 io/s,0 io/s,0 io/s,0.0222 io/s,0 io/s,0 io/s,0 io/s,0 io/s,43.4 io/s,0 io/s
2026-06-04 18:06:30,0 io/s,0 io/s,0 io/s,0 io/s,0 io/s,0 io/s,0 io/s,0 io/s,45.8 io/s,0 io/s
2026-06-04 18:07:00,0 io/s,0 io/s,0 io/s,0 io/s,0 io/s,0 io/s,0 io/s,0 io/s,42.3 io/s,0 io/s
2026-06-04 18:07:30,0 io/s,0 io/s,0 io/s,0 io/s,0 io/s,0 io/s,0 io/s,0 io/s,33.5 io/s,0 io/s
2026-06-04 18:08:00,0 io/s,0 io/s,0 io/s,0 io/s,0 io/s,0 io/s,0 io/s,0 io/s,26.4 io/s,0 io/s
2026-06-04 18:08:30,0 io/s,0 io/s,0 io/s,0 io/s,0 io/s,0 io/s,0 io/s,0 io/s,28.3 io/s,0 io/s
2026-06-04 18:09:00,0 io/s,0 io/s,0 io/s,0 io/s,0 io/s,0 io/s,0 io/s,0 io/s,33.0 io/s,0 io/s
2026-06-04 18:09:30,0 io/s,0 io/s,0 io/s,0 io/s,0 io/s,0 io/s,0 io/s,0 io/s,33.2 io/s,0 io/s
2026-06-04 18:10:00,0 io/s,0 io/s,0 io/s,0 io/s,0 io/s,0 io/s,0 io/s,0 io/s,29.8 io/s,0 io/s
2026-06-04 18:10:30,0 io/s,0 io/s,0 io/s,0 io/s,0 io/s,0 io/s,0 io/s,0 io/s,25.0 io/s,0 io/s
2026-06-04 18:11:00,0 io/s,0 io/s,0 io/s,0.0111 io/s,0 io/s,0 io/s,0 io/s,0 io/s,30.2 io/s,0 io/s
2026-06-04 18:11:30,0 io/s,0 io/s,0 io/s,0.0111 io/s,0 io/s,0 io/s,0 io/s,0 io/s,32.2 io/s,0 io/s
2026-06-04 18:12:00,0 io/s,0 io/s,0 io/s,0.0111 io/s,0 io/s,0 io/s,0 io/s,0 io/s,35.9 io/s,0 io/s
2026-06-04 18:12:30,0 io/s,0 io/s,0 io/s,0 io/s,0 io/s,0 io/s,0 io/s,0 io/s,34.1 io/s,0 io/s
2026-06-04 18:13:00,0 io/s,0 io/s,0 io/s,0 io/s,0 io/s,0 io/s,0 io/s,0 io/s,36.4 io/s,0 io/s
2026-06-04 18:13:30,0 io/s,0 io/s,0 io/s,0 io/s,0 io/s,0 io/s,0 io/s,0 io/s,34.1 io/s,0 io/s
2026-06-04 18:14:00,0 io/s,0 io/s,0 io/s,0 io/s,0 io/s,0 io/s,0 io/s,0 io/s,34.7 io/s,0 io/s
2026-06-04 18:14:30,0 io/s,0 io/s,0 io/s,0 io/s,0 io/s,0 io/s,0 io/s,0 io/s,35.2 io/s,0 io/s
2026-06-04 18:15:00,0 io/s,0 io/s,0 io/s,0 io/s,0 io/s,0 io/s,0 io/s,0 io/s,33.3 io/s,0 io/s
2026-06-04 18:15:30,0 io/s,0 io/s,0 io/s,0.0111 io/s,0 io/s,0 io/s,0 io/s,0 io/s,43.0 io/s,0 io/s
2026-06-04 18:16:00,0 io/s,0 io/s,0 io/s,0.0111 io/s,0 io/s,0 io/s,0 io/s,0 io/s,35.2 io/s,0 io/s
2026-06-04 18:16:30,0 io/s,0 io/s,0 io/s,0.0111 io/s,0 io/s,0 io/s,0 io/s,0 io/s,45.3 io/s,0 io/s
2026-06-04 18:17:00,0 io/s,0 io/s,0 io/s,0 io/s,0 io/s,0 io/s,0 io/s,0 io/s,35.8 io/s,0 io/s
2026-06-04 18:17:30,0 io/s,0 io/s,0 io/s,0 io/s,0 io/s,0 io/s,0 io/s,0 io/s,39.5 io/s,0 io/s
2026-06-04 18:18:00,0 io/s,0 io/s,0 io/s,0.0111 io/s,0 io/s,0 io/s,0 io/s,0 io/s,33.2 io/s,0 io/s
2026-06-04 18:18:30,0 io/s,0 io/s,0 io/s,0.0111 io/s,0 io/s,0 io/s,0 io/s,0 io/s,34.9 io/s,0 io/s
2026-06-04 18:19:00,0 io/s,0 io/s,0 io/s,0.0222 io/s,0 io/s,0 io/s,0 io/s,0 io/s,38.2 io/s,0 io/s
2026-06-04 18:19:30,0 io/s,0 io/s,0 io/s,0.0222 io/s,0 io/s,0 io/s,0 io/s,0 io/s,38.0 io/s,0 io/s
2026-06-04 18:20:00,0 io/s,0 io/s,0 io/s,0.0222 io/s,0 io/s,0 io/s,0 io/s,0 io/s,39.1 io/s,0 io/s
2026-06-04 18:20:30,0 io/s,0 io/s,0 io/s,0.0111 io/s,0 io/s,0 io/s,0 io/s,0 io/s,41.9 io/s,0 io/s
2026-06-04 18:21:00,0 io/s,0 io/s,0 io/s,0 io/s,0 io/s,0 io/s,0 io/s,0 io/s,36.0 io/s,0 io/s
2026-06-04 18:21:30,0 io/s,0 io/s,0 io/s,0 io/s,0 io/s,0 io/s,0 io/s,0 io/s,29.8 io/s,0 io/s
2026-06-04 18:22:00,0 io/s,0 io/s,0 io/s,0 io/s,0 io/s,0 io/s,0 io/s,0 io/s,22.4 io/s,0 io/s
2026-06-04 18:22:30,0 io/s,0 io/s,0 io/s,0.0111 io/s,0 io/s,0 io/s,0 io/s,0 io/s,47.7 io/s,0 io/s
2026-06-04 18:23:00,0 io/s,0 io/s,0 io/s,0.0222 io/s,0 io/s,0 io/s,0 io/s,0 io/s,48.8 io/s,0 io/s
2026-06-04 18:23:30,0 io/s,0 io/s,0 io/s,0.0222 io/s,0 io/s,0 io/s,0 io/s,0 io/s,52.1 io/s,0 io/s
2026-06-04 18:24:00,0 io/s,0 io/s,0 io/s,0.0111 io/s,0 io/s,0 io/s,0 io/s,0 io/s,27.3 io/s,0 io/s
2026-06-04 18:24:30,0 io/s,0 io/s,0 io/s,0 io/s,0 io/s,0 io/s,0 io/s,0 io/s,26.3 io/s,0 io/s
2026-06-04 18:25:00,0 io/s,0 io/s,0 io/s,0.0222 io/s,0 io/s,0 io/s,0 io/s,0 io/s,35.8 io/s,0 io/s
2026-06-04 18:25:30,0 io/s,0 io/s,0 io/s,0.0222 io/s,0 io/s,0 io/s,0 io/s,0 io/s,39.4 io/s,0 io/s
2026-06-04 18:26:00,0 io/s,0 io/s,0 io/s,0.0222 io/s,0 io/s,0 io/s,0 io/s,0 io/s,43.2 io/s,0 io/s
2026-06-04 18:26:30,0 io/s,0 io/s,0 io/s,0 io/s,0 io/s,0 io/s,0 io/s,0 io/s,31.2 io/s,0 io/s
2026-06-04 18:27:00,0 io/s,0 io/s,0 io/s,0.0111 io/s,0 io/s,0 io/s,0 io/s,0 io/s,28.6 io/s,0 io/s
2026-06-04 18:27:30,0 io/s,0 io/s,0 io/s,0.0111 io/s,0 io/s,0 io/s,0 io/s,0 io/s,22.8 io/s,0 io/s
2026-06-04 18:28:00,0 io/s,0 io/s,0 io/s,0.0111 io/s,0 io/s,0 io/s,0 io/s,0 io/s,23.7 io/s,0 io/s
2026-06-04 18:28:30,0 io/s,0 io/s,0 io/s,0 io/s,0 io/s,0 io/s,0 io/s,0 io/s,20.3 io/s,0 io/s
2026-06-04 18:29:00,0 io/s,0 io/s,0 io/s,0 io/s,0 io/s,0 io/s,0 io/s,0 io/s,20.5 io/s,0 io/s
2026-06-04 18:29:30,0 io/s,0 io/s,0 io/s,0 io/s,0 io/s,0 io/s,0 io/s,0 io/s,16.7 io/s,0 io/s
2026-06-04 18:30:00,0 io/s,0 io/s,0 io/s,0 io/s,0 io/s,0 io/s,0 io/s,0 io/s,17.9 io/s,0 io/s
2026-06-04 18:30:30,0 io/s,0 io/s,0 io/s,0 io/s,0 io/s,0 io/s,0 io/s,0 io/s,17.9 io/s,0 io/s
2026-06-04 18:31:00,0 io/s,0 io/s,0 io/s,0 io/s,0 io/s,0 io/s,0 io/s,0 io/s,20.0 io/s,0 io/s
2026-06-04 18:31:30,0 io/s,0 io/s,0 io/s,0.0111 io/s,0 io/s,0 io/s,0 io/s,0 io/s,22.0 io/s,0 io/s
2026-06-04 18:32:00,0 io/s,0 io/s,0 io/s,0.0333 io/s,0 io/s,0 io/s,0 io/s,0 io/s,21.9 io/s,0 io/s
2026-06-04 18:32:30,0 io/s,0 io/s,0 io/s,0.0333 io/s,0 io/s,0 io/s,0 io/s,0 io/s,29.6 io/s,0 io/s
2026-06-04 18:33:00,0 io/s,0 io/s,0 io/s,0.0222 io/s,0 io/s,0 io/s,0 io/s,0 io/s,33.7 io/s,0 io/s
2026-06-04 18:33:30,0 io/s,0 io/s,0 io/s,0 io/s,0 io/s,0 io/s,0 io/s,0 io/s,33.8 io/s,0 io/s
2026-06-04 18:34:00,0 io/s,0 io/s,0 io/s,0 io/s,0 io/s,0 io/s,0 io/s,0 io/s,24.5 io/s,0 io/s
2026-06-04 18:34:30,0 io/s,0 io/s,0 io/s,0.0111 io/s,0 io/s,0 io/s,0 io/s,0 io/s,17.2 io/s,0 io/s
2026-06-04 18:35:00,0 io/s,0 io/s,0 io/s,0.0667 io/s,0 io/s,0 io/s,0 io/s,0 io/s,17.7 io/s,0 io/s
2026-06-04 18:35:30,0 io/s,0 io/s,0 io/s,0.0778 io/s,0 io/s,0 io/s,0 io/s,0 io/s,17.6 io/s,0 io/s
2026-06-04 18:36:00,0 io/s,0 io/s,0 io/s,0.0778 io/s,0 io/s,0 io/s,0 io/s,0 io/s,17.0 io/s,0 io/s
2026-06-04 18:36:30,0 io/s,0 io/s,0 io/s,0.0222 io/s,0 io/s,0 io/s,0 io/s,0 io/s,16.1 io/s,0 io/s
2026-06-04 18:37:00,0 io/s,0 io/s,0 io/s,0.0111 io/s,0 io/s,0 io/s,0 io/s,0 io/s,16.2 io/s,0 io/s
2026-06-04 18:37:30,0 io/s,0 io/s,0 io/s,0 io/s,0 io/s,0 io/s,0 io/s,0 io/s,16.6 io/s,0 io/s
2026-06-04 18:38:00,0 io/s,0 io/s,0 io/s,0 io/s,0 io/s,0 io/s,0 io/s,0 io/s,16.8 io/s,0 io/s
2026-06-04 18:38:30,0 io/s,0 io/s,0 io/s,0 io/s,0 io/s,0 io/s,0 io/s,0 io/s,16.2 io/s,0 io/s
2026-06-04 18:39:00,0 io/s,0 io/s,0 io/s,0 io/s,0 io/s,0 io/s,0 io/s,0 io/s,16.3 io/s,0 io/s
2026-06-04 18:39:30,0 io/s,0 io/s,0 io/s,0 io/s,0 io/s,0 io/s,0 io/s,0 io/s,16.2 io/s,0 io/s
2026-06-04 18:40:00,0 io/s,0 io/s,0 io/s,0.0111 io/s,0 io/s,0 io/s,0 io/s,0 io/s,17.5 io/s,0 io/s
2026-06-04 18:40:30,0 io/s,0 io/s,0 io/s,0.0111 io/s,0 io/s,0 io/s,0 io/s,0 io/s,17.6 io/s,0 io/s
2026-06-04 18:41:00,0 io/s,0 io/s,0 io/s,0.0111 io/s,0 io/s,0 io/s,0 io/s,0 io/s,17.7 io/s,0 io/s
2026-06-04 18:41:30,0 io/s,0 io/s,0 io/s,0 io/s,0 io/s,0 io/s,0 io/s,0 io/s,16.3 io/s,0 io/s
2026-06-04 18:42:00,0 io/s,0 io/s,0 io/s,0 io/s,0 io/s,0 io/s,0 io/s,0 io/s,16.3 io/s,0 io/s
2026-06-04 18:42:30,0 io/s,0 io/s,0 io/s,0 io/s,0 io/s,0 io/s,0 io/s,0 io/s,16.3 io/s,0 io/s
2026-06-04 18:43:00,0 io/s,0 io/s,0 io/s,0 io/s,0 io/s,0 io/s,0 io/s,0 io/s,16.3 io/s,0 io/s
2026-06-04 18:43:30,0 io/s,0 io/s,0 io/s,0 io/s,0 io/s,0 io/s,0 io/s,0 io/s,16.4 io/s,0 io/s
2026-06-04 18:44:00,0 io/s,0 io/s,0 io/s,0 io/s,0 io/s,0 io/s,0 io/s,0 io/s,16.3 io/s,0 io/s
2026-06-04 18:44:30,0 io/s,0 io/s,0 io/s,0 io/s,0 io/s,0 io/s,0 io/s,0 io/s,17.0 io/s,0 io/s
2026-06-04 18:45:00,0 io/s,0 io/s,0 io/s,0 io/s,0 io/s,0 io/s,0 io/s,0 io/s,17.4 io/s,0 io/s
2026-06-04 18:45:30,0 io/s,0 io/s,0 io/s,0.0111 io/s,0 io/s,0 io/s,0 io/s,0 io/s,17.2 io/s,0 io/s
2026-06-04 18:46:00,0 io/s,0 io/s,0 io/s,0.0111 io/s,0 io/s,0 io/s,0 io/s,0 io/s,16.0 io/s,0 io/s
2026-06-04 18:46:30,0 io/s,0 io/s,0 io/s,0.0111 io/s,0 io/s,0 io/s,0 io/s,0 io/s,14.6 io/s,0 io/s
2026-06-04 18:47:00,0 io/s,0 io/s,0 io/s,0 io/s,0 io/s,0 io/s,0 io/s,0 io/s,14.5 io/s,0 io/s
2026-06-04 18:47:30,0 io/s,0 io/s,0 io/s,0 io/s,0 io/s,0 io/s,0 io/s,0 io/s,15.7 io/s,0 io/s
2026-06-04 18:48:00,0 io/s,0 io/s,0 io/s,0 io/s,0 io/s,0 io/s,0 io/s,0 io/s,16.2 io/s,0 io/s
2026-06-04 18:48:30,0 io/s,0 io/s,0 io/s,0 io/s,0 io/s,0 io/s,0 io/s,0 io/s,16.3 io/s,0 io/s
2026-06-04 18:49:00,0 io/s,0 io/s,0 io/s,0 io/s,0 io/s,0 io/s,0 io/s,0 io/s,16.6 io/s,0 io/s
2026-06-04 18:49:30,0 io/s,0 io/s,0 io/s,0 io/s,0 io/s,0 io/s,0 io/s,0 io/s,17.0 io/s,0 io/s
2026-06-04 18:50:00,0 io/s,0 io/s,0 io/s,0 io/s,0 io/s,0 io/s,0 io/s,0 io/s,22.3 io/s,0 io/s
2026-06-04 18:50:30,0 io/s,0 io/s,0 io/s,0 io/s,0 io/s,0 io/s,0 io/s,0 io/s,22.1 io/s,0 io/s
2026-06-04 18:51:00,0 io/s,0 io/s,0 io/s,0 io/s,0 io/s,0 io/s,0 io/s,0 io/s,22.1 io/s,0 io/s
2026-06-04 18:51:30,0 io/s,0 io/s,0 io/s,0 io/s,0 io/s,0 io/s,0 io/s,0 io/s,16.9 io/s,0 io/s
2026-06-04 18:52:00,0 io/s,0 io/s,0 io/s,0 io/s,0 io/s,0 io/s,0 io/s,0 io/s,16.6 io/s,0 io/s
2026-06-04 18:52:30,0 io/s,0 io/s,0 io/s,0 io/s,0 io/s,0 io/s,0 io/s,0 io/s,16.2 io/s,0 io/s
2026-06-04 18:53:00,0 io/s,0 io/s,0 io/s,0 io/s,0 io/s,0 io/s,0 io/s,0 io/s,16.4 io/s,0 io/s
2026-06-04 18:53:30,0 io/s,0 io/s,0 io/s,0 io/s,0 io/s,0 io/s,0 io/s,0 io/s,16.4 io/s,0 io/s
2026-06-04 18:54:00,0 io/s,0 io/s,0 io/s,0 io/s,0 io/s,0 io/s,0 io/s,0 io/s,16.7 io/s,0 io/s
2026-06-04 18:54:30,0 io/s,0 io/s,0 io/s,0 io/s,0 io/s,0 io/s,0 io/s,0 io/s,16.5 io/s,0 io/s
2026-06-04 18:55:00,0 io/s,0 io/s,0 io/s,0 io/s,0 io/s,0 io/s,0 io/s,0 io/s,16.9 io/s,0 io/s
2026-06-04 18:55:30,0 io/s,0 io/s,0 io/s,0 io/s,0 io/s,0 io/s,0 io/s,0 io/s,17.3 io/s,0 io/s
2026-06-04 18:56:00,0 io/s,0 io/s,0 io/s,0 io/s,0 io/s,0 io/s,0 io/s,0 io/s,17.4 io/s,0 io/s
2026-06-04 18:56:30,0 io/s,0 io/s,0 io/s,0 io/s,0 io/s,0 io/s,0 io/s,0 io/s,17.6 io/s,0 io/s
2026-06-04 18:57:00,0 io/s,0 io/s,0 io/s,0 io/s,0 io/s,0 io/s,0 io/s,0 io/s,17.0 io/s,0 io/s
2026-06-04 18:57:30,0 io/s,0 io/s,0 io/s,0 io/s,0 io/s,0 io/s,0 io/s,0 io/s,17.0 io/s,0 io/s
2026-06-04 18:58:00,0 io/s,0 io/s,0 io/s,0 io/s,0 io/s,0 io/s,0 io/s,0 io/s,16.1 io/s,0 io/s
2026-06-04 18:58:30,0 io/s,0 io/s,0 io/s,0 io/s,0 io/s,0 io/s,0 io/s,0 io/s,16.4 io/s,0 io/s
2026-06-04 18:59:00,0 io/s,0 io/s,0 io/s,0 io/s,0 io/s,0 io/s,0 io/s,0 io/s,16.2 io/s,0 io/s
2026-06-04 18:59:30,0 io/s,0 io/s,0 io/s,0 io/s,0 io/s,0 io/s,0 io/s,0 io/s,16.8 io/s,0 io/s
2026-06-04 19:00:00,0 io/s,0 io/s,0 io/s,0 io/s,0 io/s,0 io/s,0 io/s,0 io/s,17.4 io/s,0 io/s
2026-06-04 19:00:30,0 io/s,0 io/s,0 io/s,0 io/s,0 io/s,0 io/s,0 io/s,0 io/s,18.9 io/s,0 io/s
2026-06-04 19:01:00,0 io/s,0 io/s,0 io/s,0 io/s,0 io/s,0 io/s,0 io/s,0 io/s,18.0 io/s,0 io/s
2026-06-04 19:01:30,0 io/s,0 io/s,0 io/s,0 io/s,0 io/s,0 io/s,0 io/s,0 io/s,17.7 io/s,0 io/s
2026-06-04 19:02:00,0 io/s,0 io/s,0 io/s,0 io/s,0 io/s,0 io/s,0 io/s,0 io/s,16.2 io/s,0 io/s
2026-06-04 19:02:30,0 io/s,0 io/s,0 io/s,0 io/s,0 io/s,0 io/s,0 io/s,0 io/s,15.7 io/s,0 io/s
2026-06-04 19:03:00,0 io/s,0 io/s,0 io/s,0 io/s,0 io/s,0 io/s,0 io/s,0 io/s,14.3 io/s,0 io/s
2026-06-04 19:03:30,0 io/s,0 io/s,0 io/s,0 io/s,0 io/s,0 io/s,0 io/s,0 io/s,14.3 io/s,0 io/s
2026-06-04 19:04:00,0 io/s,0 io/s,0 io/s,0 io/s,0 io/s,0 io/s,0 io/s,0 io/s,14.6 io/s,0 io/s
2026-06-04 19:04:30,0 io/s,0 io/s,0 io/s,0 io/s,0 io/s,0 io/s,0 io/s,0 io/s,15.7 io/s,0 io/s
2026-06-04 19:05:00,0 io/s,0 io/s,0 io/s,0 io/s,0 io/s,0 io/s,0 io/s,0 io/s,16.1 io/s,0 io/s
2026-06-04 19:05:30,0 io/s,0 io/s,0 io/s,0 io/s,0 io/s,0 io/s,0 io/s,0 io/s,18.1 io/s,0 io/s
2026-06-04 19:06:00,0 io/s,0 io/s,0 io/s,0 io/s,0 io/s,0 io/s,0 io/s,0 io/s,18.3 io/s,0 io/s
2026-06-04 19:06:30,0 io/s,0 io/s,0 io/s,0 io/s,0 io/s,0 io/s,0 io/s,0 io/s,22.9 io/s,0 io/s
2026-06-04 19:07:00,0 io/s,0 io/s,0 io/s,0 io/s,0 io/s,0 io/s,0 io/s,0 io/s,20.6 io/s,0 io/s
2026-06-04 19:07:30,0 io/s,0 io/s,0 io/s,0 io/s,0 io/s,0 io/s,0 io/s,0 io/s,20.1 io/s,0 io/s
2026-06-04 19:08:00,0 io/s,0 io/s,0 io/s,0.0111 io/s,0 io/s,0 io/s,0 io/s,0 io/s,15.0 io/s,0 io/s
2026-06-04 19:08:30,0 io/s,0 io/s,0 io/s,0.0111 io/s,0 io/s,0 io/s,0 io/s,0 io/s,15.8 io/s,0 io/s
2026-06-04 19:09:00,0 io/s,0 io/s,0 io/s,0.0111 io/s,0 io/s,0 io/s,0 io/s,0 io/s,15.8 io/s,0 io/s
2026-06-04 19:09:30,0 io/s,0 io/s,0 io/s,0 io/s,0 io/s,0 io/s,0 io/s,0 io/s,15.8 io/s,0 io/s
2026-06-04 19:10:00,0 io/s,0 io/s,0 io/s,0 io/s,0 io/s,0 io/s,0 io/s,0 io/s,16.2 io/s,0 io/s
2026-06-04 19:10:30,0 io/s,0 io/s,0 io/s,0 io/s,0 io/s,0 io/s,0 io/s,0 io/s,15.9 io/s,0 io/s
2026-06-04 19:11:00,0 io/s,0 io/s,0 io/s,0 io/s,0 io/s,0 io/s,0 io/s,0 io/s,16.0 io/s,0 io/s
2026-06-04 19:11:30,0 io/s,0 io/s,0 io/s,0 io/s,0 io/s,0 io/s,0 io/s,0 io/s,15.6 io/s,0 io/s
2026-06-04 19:12:00,0 io/s,0 io/s,0 io/s,0 io/s,0 io/s,0 io/s,0 io/s,0 io/s,15.5 io/s,0 io/s
2026-06-04 19:12:30,0 io/s,0 io/s,0 io/s,0 io/s,0 io/s,0 io/s,0 io/s,0 io/s,15.6 io/s,0 io/s
2026-06-04 19:13:00,0 io/s,0 io/s,0 io/s,0 io/s,0 io/s,0 io/s,0 io/s,0 io/s,15.6 io/s,0 io/s
2026-06-04 19:13:30,0 io/s,0 io/s,0 io/s,0 io/s,0 io/s,0 io/s,0 io/s,0 io/s,15.6 io/s,0 io/s
2026-06-04 19:14:00,0 io/s,0 io/s,0 io/s,0 io/s,0 io/s,0 io/s,0 io/s,0 io/s,15.6 io/s,0 io/s
2026-06-04 19:14:30,0 io/s,0 io/s,0 io/s,0 io/s,0 io/s,0 io/s,0 io/s,0 io/s,15.6 io/s,0 io/s
2026-06-04 19:15:00,0 io/s,0 io/s,0 io/s,0 io/s,0 io/s,0 io/s,0 io/s,0 io/s,16.4 io/s,0 io/s
2026-06-04 19:15:30,0 io/s,0 io/s,0 io/s,0 io/s,0 io/s,0 io/s,0 io/s,0 io/s,16.6 io/s,0 io/s
2026-06-04 19:16:00,0 io/s,0 io/s,0 io/s,0 io/s,0 io/s,0 io/s,0 io/s,0 io/s,17.1 io/s,0 io/s
2026-06-04 19:16:30,0 io/s,0 io/s,0 io/s,0 io/s,0 io/s,0 io/s,0 io/s,0 io/s,16.4 io/s,0 io/s
2026-06-04 19:17:00,0 io/s,0 io/s,0 io/s,0 io/s,0 io/s,0 io/s,0 io/s,0 io/s,16.2 io/s,0 io/s
2026-06-04 19:17:30,0 io/s,0 io/s,0 io/s,0 io/s,0 io/s,0 io/s,0 io/s,0 io/s,15.8 io/s,0 io/s
2026-06-04 19:18:00,0 io/s,0 io/s,0 io/s,0 io/s,0 io/s,0 io/s,0 io/s,0 io/s,15.5 io/s,0 io/s
2026-06-04 19:18:30,0 io/s,0 io/s,0 io/s,0 io/s,0 io/s,0 io/s,0 io/s,0 io/s,15.3 io/s,0 io/s
2026-06-04 19:19:00,0 io/s,0 io/s,0 io/s,0 io/s,0 io/s,0 io/s,0 io/s,0 io/s,15.4 io/s,0 io/s
2026-06-04 19:19:30,0 io/s,0 io/s,0 io/s,0 io/s,0 io/s,0 io/s,0 io/s,0 io/s,15.4 io/s,0 io/s
2026-06-04 19:20:00,0 io/s,0 io/s,0 io/s,0 io/s,0 io/s,0 io/s,0 io/s,0 io/s,15.3 io/s,0 io/s
2026-06-04 19:20:30,0 io/s,0 io/s,0 io/s,0 io/s,0 io/s,0 io/s,0 io/s,0 io/s,15.3 io/s,0 io/s
2026-06-04 19:21:00,0 io/s,0 io/s,0 io/s,0 io/s,0 io/s,0 io/s,0 io/s,0 io/s,15.9 io/s,0 io/s
2026-06-04 19:21:30,0 io/s,0 io/s,0 io/s,0 io/s,0 io/s,0 io/s,0 io/s,0 io/s,16.6 io/s,0 io/s
2026-06-04 19:22:00,0 io/s,0 io/s,0 io/s,0 io/s,0 io/s,0 io/s,0 io/s,0 io/s,16.5 io/s,0 io/s
2026-06-04 19:22:30,0 io/s,0 io/s,0 io/s,0 io/s,0 io/s,0 io/s,0 io/s,0 io/s,17.9 io/s,0 io/s
2026-06-04 19:23:00,0 io/s,0 io/s,0 io/s,0 io/s,0 io/s,0 io/s,0 io/s,0 io/s,22.2 io/s,0 io/s
2026-06-04 19:23:30,0 io/s,0 io/s,0 io/s,0 io/s,0 io/s,0 io/s,0 io/s,0 io/s,22.0 io/s,0 io/s
2026-06-04 19:24:00,0 io/s,0 io/s,0 io/s,0 io/s,0 io/s,0 io/s,0 io/s,0 io/s,20.8 io/s,0 io/s
2026-06-04 19:24:30,0 io/s,0 io/s,0 io/s,0 io/s,0 io/s,0 io/s,0 io/s,0 io/s,16.3 io/s,0 io/s
2026-06-04 19:25:00,0 io/s,0 io/s,0 io/s,0 io/s,0 io/s,0 io/s,0 io/s,0 io/s,16.9 io/s,0 io/s
2026-06-04 19:25:30,0 io/s,0 io/s,0 io/s,0 io/s,0 io/s,0 io/s,0 io/s,0 io/s,17.4 io/s,0 io/s
2026-06-04 19:26:00,0 io/s,0 io/s,0 io/s,0 io/s,0 io/s,0 io/s,0 io/s,0 io/s,17.3 io/s,0 io/s
2026-06-04 19:26:30,0 io/s,0 io/s,0 io/s,0 io/s,0 io/s,0 io/s,0 io/s,0 io/s,16.8 io/s,0 io/s
2026-06-04 19:27:00,0 io/s,0 io/s,0 io/s,0 io/s,0 io/s,0 io/s,0 io/s,0 io/s,16.0 io/s,0 io/s
2026-06-04 19:27:30,0 io/s,0 io/s,0 io/s,0 io/s,0 io/s,0 io/s,0 io/s,0 io/s,15.8 io/s,0 io/s
2026-06-04 19:28:00,0 io/s,0 io/s,0 io/s,0.0111 io/s,0 io/s,0 io/s,0 io/s,0 io/s,15.4 io/s,0 io/s
2026-06-04 19:28:30,0 io/s,0 io/s,0 io/s,0.0111 io/s,0 io/s,0 io/s,0 io/s,0 io/s,15.4 io/s,0 io/s
2026-06-04 19:29:00,0 io/s,0 io/s,0 io/s,0.0111 io/s,0 io/s,0 io/s,0 io/s,0 io/s,15.8 io/s,0 io/s
2026-06-04 19:29:30,0 io/s,0 io/s,0 io/s,0 io/s,0 io/s,0 io/s,0 io/s,0 io/s,16.5 io/s,0 io/s
2026-06-04 19:30:00,0 io/s,0 io/s,0 io/s,0 io/s,0 io/s,0 io/s,0 io/s,0 io/s,17.3 io/s,0 io/s
2026-06-04 19:30:30,0 io/s,0 io/s,0 io/s,0 io/s,0 io/s,0 io/s,0 io/s,0 io/s,17.1 io/s,0 io/s
2026-06-04 19:31:00,0 io/s,0 io/s,0 io/s,0 io/s,0 io/s,0 io/s,0 io/s,0 io/s,16.9 io/s,0 io/s
2026-06-04 19:31:30,0 io/s,0 io/s,0 io/s,0 io/s,0 io/s,0 io/s,0 io/s,0 io/s,16.3 io/s,0 io/s
2026-06-04 19:32:00,0 io/s,0 io/s,0 io/s,0.0222 io/s,0 io/s,0 io/s,0 io/s,0 io/s,17.4 io/s,0 io/s
2026-06-04 19:32:30,0 io/s,0 io/s,0 io/s,0.0222 io/s,0 io/s,0 io/s,0 io/s,0 io/s,17.5 io/s,0 io/s
2026-06-04 19:33:00,0 io/s,0 io/s,0 io/s,0.0222 io/s,0 io/s,0 io/s,0 io/s,0 io/s,17.7 io/s,0 io/s
2026-06-04 19:33:30,0 io/s,0 io/s,0 io/s,0 io/s,0 io/s,0 io/s,0 io/s,0 io/s,15.7 io/s,0 io/s
2026-06-04 19:34:00,0 io/s,0 io/s,0 io/s,0 io/s,0 io/s,0 io/s,0 io/s,0 io/s,14.9 io/s,0 io/s
2026-06-04 19:34:30,0 io/s,0 io/s,0 io/s,0 io/s,0 io/s,0 io/s,0 io/s,0 io/s,14.2 io/s,0 io/s
2026-06-04 19:35:00,0 io/s,0 io/s,0 io/s,0 io/s,0 io/s,0 io/s,0 io/s,0 io/s,15.4 io/s,0 io/s
2026-06-04 19:35:30,0 io/s,0 io/s,0 io/s,0 io/s,0 io/s,0 io/s,0 io/s,0 io/s,16.7 io/s,0 io/s
2026-06-04 19:36:00,0 io/s,0 io/s,0 io/s,0 io/s,0 io/s,0 io/s,0 io/s,0 io/s,17.2 io/s,0 io/s
2026-06-04 19:36:30,0 io/s,0 io/s,0 io/s,0 io/s,0 io/s,0 io/s,0 io/s,0 io/s,16.7 io/s,0 io/s
2026-06-04 19:37:00,0 io/s,0 io/s,0 io/s,0 io/s,0 io/s,0 io/s,0 io/s,0 io/s,15.9 io/s,0 io/s
2026-06-04 19:37:30,0 io/s,0 io/s,0 io/s,0 io/s,0 io/s,0 io/s,0 io/s,0 io/s,16.2 io/s,0 io/s
2026-06-04 19:38:00,0 io/s,0 io/s,0 io/s,0 io/s,0 io/s,0 io/s,0 io/s,0 io/s,16.4 io/s,0 io/s
2026-06-04 19:38:30,0 io/s,0 io/s,0 io/s,0 io/s,0 io/s,0 io/s,0 io/s,0 io/s,16.4 io/s,0 io/s
2026-06-04 19:39:00,0 io/s,0 io/s,0 io/s,0 io/s,0 io/s,0 io/s,0 io/s,0 io/s,17.4 io/s,0 io/s
2026-06-04 19:39:30,0 io/s,0 io/s,0 io/s,0 io/s,0 io/s,0 io/s,0 io/s,0 io/s,17.4 io/s,0 io/s
2026-06-04 19:40:00,0 io/s,0 io/s,0 io/s,0 io/s,0 io/s,0 io/s,0 io/s,0 io/s,22.8 io/s,0 io/s
2026-06-04 19:40:30,0 io/s,0 io/s,0 io/s,0 io/s,0 io/s,0 io/s,0 io/s,0 io/s,22.1 io/s,0 io/s
2026-06-04 19:41:00,0 io/s,0 io/s,0 io/s,0 io/s,0 io/s,0 io/s,0 io/s,0 io/s,22.0 io/s,0 io/s
2026-06-04 19:41:30,0 io/s,0 io/s,0 io/s,0 io/s,0 io/s,0 io/s,0 io/s,0 io/s,16.9 io/s,0 io/s
2026-06-04 19:42:00,0 io/s,0 io/s,0 io/s,0 io/s,0 io/s,0 io/s,0 io/s,0 io/s,16.6 io/s,0 io/s
2026-06-04 19:42:30,0 io/s,0 io/s,0 io/s,0.0111 io/s,0 io/s,0 io/s,0 io/s,0 io/s,16.8 io/s,0 io/s
2026-06-04 19:43:00,0 io/s,0 io/s,0 io/s,0.0111 io/s,0 io/s,0 io/s,0 io/s,0 io/s,16.6 io/s,0 io/s
2026-06-04 19:43:30,0 io/s,0 io/s,0 io/s,0.0111 io/s,0 io/s,0 io/s,0 io/s,0 io/s,16.3 io/s,0 io/s
2026-06-04 19:44:00,0 io/s,0 io/s,0 io/s,89.2 io/s,0 io/s,0 io/s,0 io/s,0 io/s,19.6 io/s,0 io/s
2026-06-04 19:44:30,0 io/s,0 io/s,0 io/s,89.2 io/s,0 io/s,0 io/s,0 io/s,0 io/s,20.9 io/s,0 io/s
2026-06-04 19:45:00,0 io/s,0 io/s,0 io/s,89.2 io/s,0 io/s,0 io/s,0 io/s,0 io/s,24.4 io/s,0 io/s
2026-06-04 19:45:30,0 io/s,0 io/s,0 io/s,0 io/s,0 io/s,0 io/s,0 io/s,0 io/s,21.3 io/s,0 io/s
2026-06-04 19:46:00,0 io/s,0 io/s,0 io/s,0 io/s,0 io/s,0 io/s,0 io/s,0 io/s,19.5 io/s,0 io/s
2026-06-04 19:46:30,0 io/s,0 io/s,0 io/s,0 io/s,0 io/s,0 io/s,0 io/s,0 io/s,16.0 io/s,0 io/s
2026-06-04 19:47:00,0 io/s,0 io/s,0 io/s,0 io/s,0 io/s,0 io/s,0 io/s,0 io/s,16.1 io/s,0 io/s
2026-06-04 19:47:30,0 io/s,0 io/s,0 io/s,0 io/s,0 io/s,0 io/s,0 io/s,0 io/s,15.9 io/s,0 io/s
2026-06-04 19:48:00,0 io/s,0 io/s,0 io/s,0 io/s,0 io/s,0 io/s,0 io/s,0 io/s,15.9 io/s,0 io/s
2026-06-04 19:48:30,0 io/s,0 io/s,0 io/s,0 io/s,0 io/s,0 io/s,0 io/s,0 io/s,15.8 io/s,0 io/s
2026-06-04 19:49:00,0 io/s,0 io/s,0 io/s,0 io/s,0 io/s,0 io/s,0 io/s,0 io/s,16.4 io/s,0 io/s
2026-06-04 19:49:30,0 io/s,0 io/s,0 io/s,0 io/s,0 io/s,0 io/s,0 io/s,0 io/s,15.8 io/s,0 io/s
2026-06-04 19:50:00,0 io/s,0 io/s,0 io/s,0 io/s,0 io/s,0 io/s,0 io/s,0 io/s,15.4 io/s,0 io/s
2026-06-04 19:50:30,0 io/s,0 io/s,0 io/s,0 io/s,0 io/s,0 io/s,0 io/s,0 io/s,14.8 io/s,0 io/s
2026-06-04 19:51:00,0 io/s,0 io/s,0 io/s,0.0111 io/s,0 io/s,0 io/s,0 io/s,0 io/s,15.0 io/s,0 io/s
2026-06-04 19:51:30,0 io/s,0 io/s,0 io/s,0.0111 io/s,0 io/s,0 io/s,0 io/s,0 io/s,14.9 io/s,0 io/s
2026-06-04 19:52:00,0 io/s,0 io/s,0 io/s,0.0111 io/s,0 io/s,0 io/s,0 io/s,0 io/s,15.3 io/s,0 io/s
2026-06-04 19:52:30,0 io/s,0 io/s,0 io/s,0 io/s,0 io/s,0 io/s,0 io/s,0 io/s,15.3 io/s,0 io/s
2026-06-04 19:53:00,0 io/s,0 io/s,0 io/s,0 io/s,0 io/s,0 io/s,0 io/s,0 io/s,15.2 io/s,0 io/s
2026-06-04 19:53:30,0 io/s,0 io/s,0 io/s,0 io/s,0 io/s,0 io/s,0 io/s,0 io/s,15.6 io/s,0 io/s
2026-06-04 19:54:00,0 io/s,0 io/s,0 io/s,0.0111 io/s,0 io/s,0 io/s,0 io/s,0 io/s,17.1 io/s,0 io/s
2026-06-04 19:54:30,0 io/s,0 io/s,0 io/s,0.0111 io/s,0 io/s,0 io/s,0 io/s,0 io/s,17.5 io/s,0 io/s
2026-06-04 19:55:00,0 io/s,0 io/s,0 io/s,0.0111 io/s,0 io/s,0 io/s,0 io/s,0 io/s,17.9 io/s,0 io/s
2026-06-04 19:55:30,0 io/s,0 io/s,0 io/s,0 io/s,0 io/s,0 io/s,0 io/s,0 io/s,17.5 io/s,0 io/s
2026-06-04 19:56:00,0 io/s,0 io/s,0 io/s,27.3 io/s,0 io/s,0 io/s,0 io/s,0.122 io/s,22.3 io/s,0 io/s
2026-06-04 19:56:30,0 io/s,0 io/s,0 io/s,146 io/s,0 io/s,0 io/s,0 io/s,0.197 io/s,40.5 io/s,0 io/s
2026-06-04 19:57:00,0 io/s,0 io/s,0 io/s,337 io/s,0 io/s,0 io/s,0 io/s,0.197 io/s,72.3 io/s,0 io/s
2026-06-04 19:57:30,0 io/s,0 io/s,0 io/s,409 io/s,0 io/s,0 io/s,0 io/s,0.0778 io/s,78.1 io/s,0 io/s
2026-06-04 19:58:00,0 io/s,0 io/s,0 io/s,399 io/s,0 io/s,0 io/s,0 io/s,0 io/s,65.7 io/s,0 io/s
2026-06-04 19:58:30,0 io/s,0 io/s,0 io/s,304 io/s,0 io/s,0 io/s,0 io/s,0 io/s,38.6 io/s,0 io/s
2026-06-04 19:59:00,0 io/s,0 io/s,0 io/s,283 io/s,0 io/s,0 io/s,0 io/s,0 io/s,33.1 io/s,0 io/s
2026-06-04 19:59:30,0 io/s,0 io/s,0 io/s,266 io/s,0 io/s,0 io/s,0 io/s,0 io/s,30.9 io/s,0 io/s
2026-06-04 20:00:00,0 io/s,0 io/s,0 io/s,268 io/s,0 io/s,0 io/s,0 io/s,0 io/s,29.5 io/s,0 io/s
2026-06-04 20:00:30,0 io/s,0 io/s,0 io/s,285 io/s,0 io/s,0 io/s,0 io/s,0 io/s,29.2 io/s,0 io/s
2026-06-04 20:01:00,0 io/s,0 io/s,0 io/s,274 io/s,0.0111 io/s,0 io/s,0 io/s,0 io/s,29.5 io/s,0 io/s
2026-06-04 20:01:30,0 io/s,0 io/s,0 io/s,245 io/s,0.0111 io/s,0 io/s,0 io/s,0 io/s,28.2 io/s,0 io/s
2026-06-04 20:02:00,0 io/s,0 io/s,0 io/s,198 io/s,0.0111 io/s,0 io/s,0 io/s,0 io/s,26.2 io/s,0 io/s
2026-06-04 20:02:30,0 io/s,0 io/s,0 io/s,125 io/s,0 io/s,0 io/s,0 io/s,0 io/s,21.7 io/s,0 io/s
2026-06-04 20:03:00,0 io/s,0 io/s,0 io/s,61.6 io/s,0 io/s,0 io/s,0 io/s,0 io/s,19.6 io/s,0 io/s
2026-06-04 20:03:30,0 io/s,0 io/s,0 io/s,17.9 io/s,0 io/s,0 io/s,0 io/s,0 io/s,17.5 io/s,0 io/s
2026-06-04 20:04:00,0 io/s,0 io/s,0 io/s,18.5 io/s,0 io/s,0 io/s,0 io/s,0 io/s,17.7 io/s,0 io/s
2026-06-04 20:04:30,0 io/s,0 io/s,0 io/s,17.6 io/s,0 io/s,0 io/s,0 io/s,0 io/s,17.7 io/s,0 io/s
2026-06-04 20:05:00,0 io/s,0 io/s,0 io/s,18.5 io/s,0 io/s,0 io/s,0 io/s,0 io/s,18.5 io/s,0 io/s
2026-06-04 20:05:30,0 io/s,0 io/s,0 io/s,15.3 io/s,0 io/s,0 io/s,0 io/s,0 io/s,19.1 io/s,0 io/s
2026-06-04 20:06:00,0 io/s,0 io/s,0 io/s,15.8 io/s,0 io/s,0 io/s,0 io/s,0 io/s,18.9 io/s,0 io/s
2026-06-04 20:06:30,0 io/s,0 io/s,0 io/s,17.4 io/s,0 io/s,0 io/s,0 io/s,0 io/s,17.0 io/s,0 io/s
2026-06-04 20:07:00,0 io/s,0 io/s,0 io/s,19.0 io/s,0 io/s,0 io/s,0 io/s,0 io/s,15.3 io/s,0 io/s
2026-06-04 20:07:30,0 io/s,0 io/s,0 io/s,21.3 io/s,0 io/s,0 io/s,0 io/s,0 io/s,15.5 io/s,0 io/s
2026-06-04 20:08:00,0 io/s,0 io/s,0 io/s,18.7 io/s,0 io/s,0 io/s,0 io/s,0 io/s,16.9 io/s,0 io/s
2026-06-04 20:08:30,0 io/s,0 io/s,0 io/s,17.7 io/s,0 io/s,0 io/s,0 io/s,0 io/s,18.4 io/s,0 io/s
2026-06-04 20:09:00,0 io/s,0 io/s,0 io/s,13.9 io/s,0 io/s,0 io/s,0 io/s,0 io/s,18.3 io/s,0 io/s
2026-06-04 20:09:30,0 io/s,0 io/s,0 io/s,14.6 io/s,0 io/s,0 io/s,0 io/s,0 io/s,19.3 io/s,0 io/s
2026-06-04 20:10:00,0 io/s,0 io/s,0 io/s,15.3 io/s,0 io/s,0 io/s,0 io/s,0 io/s,18.9 io/s,0 io/s
2026-06-04 20:10:30,0 io/s,0 io/s,0 io/s,15.7 io/s,0 io/s,0 io/s,0 io/s,0 io/s,19.4 io/s,0 io/s
2026-06-04 20:11:00,0 io/s,0 io/s,0 io/s,16.0 io/s,0 io/s,0 io/s,0 io/s,0 io/s,18.4 io/s,0 io/s
2026-06-04 20:11:30,0 io/s,0 io/s,0 io/s,13.9 io/s,0 io/s,0 io/s,0 io/s,0 io/s,18.8 io/s,0 io/s
2026-06-04 20:12:00,0 io/s,0 io/s,0 io/s,13.6 io/s,0 io/s,0 io/s,0 io/s,0 io/s,17.7 io/s,0 io/s
2026-06-04 20:12:30,0 io/s,0 io/s,0 io/s,15.4 io/s,0 io/s,0 io/s,0 io/s,0 io/s,19.0 io/s,0 io/s
2026-06-04 20:13:00,0 io/s,0 io/s,0 io/s,16.8 io/s,0 io/s,0 io/s,0 io/s,0 io/s,23.3 io/s,0 io/s
2026-06-04 20:13:30,0 io/s,0 io/s,0 io/s,20.8 io/s,0 io/s,0 io/s,0 io/s,0 io/s,24.2 io/s,0 io/s
2026-06-04 20:14:00,0 io/s,0 io/s,0 io/s,21.2 io/s,0 io/s,0 io/s,0 io/s,0 io/s,22.9 io/s,0 io/s
2026-06-04 20:14:30,0 io/s,0 io/s,0 io/s,21.7 io/s,0 io/s,0 io/s,0 io/s,0 io/s,18.1 io/s,0 io/s
2026-06-04 20:15:00,0 io/s,0 io/s,0 io/s,19.9 io/s,0 io/s,0 io/s,0 io/s,0 io/s,18.3 io/s,0 io/s
2026-06-04 20:15:30,0 io/s,0 io/s,0 io/s,24.8 io/s,0 io/s,0 io/s,0 io/s,0 io/s,18.5 io/s,0 io/s
2026-06-04 20:16:00,0 io/s,0 io/s,0 io/s,23.2 io/s,0 io/s,0 io/s,0 io/s,0 io/s,18.8 io/s,0 io/s
2026-06-04 20:16:30,0 io/s,0 io/s,0 io/s,23.6 io/s,0 io/s,0 io/s,0 io/s,0 io/s,18.5 io/s,0 io/s
2026-06-04 20:17:00,0 io/s,0 io/s,0 io/s,16.2 io/s,0 io/s,0 io/s,0 io/s,0 io/s,17.9 io/s,0 io/s
2026-06-04 20:17:30,0 io/s,0 io/s,0 io/s,17.3 io/s,0 io/s,0 io/s,0 io/s,0 io/s,18.3 io/s,0 io/s
2026-06-04 20:18:00,0 io/s,0 io/s,0 io/s,15.5 io/s,0 io/s,0 io/s,0 io/s,0 io/s,18.3 io/s,0 io/s
2026-06-04 20:18:30,0 io/s,0 io/s,0 io/s,18.3 io/s,0 io/s,0 io/s,0 io/s,0 io/s,18.6 io/s,0 io/s
2026-06-04 20:19:00,0 io/s,0 io/s,0 io/s,22.3 io/s,0 io/s,0 io/s,0 io/s,0 io/s,17.5 io/s,0 io/s
2026-06-04 20:19:30,0 io/s,0 io/s,0 io/s,21.8 io/s,0 io/s,0 io/s,0 io/s,0 io/s,17.6 io/s,0 io/s
2026-06-04 20:20:00,0 io/s,0 io/s,0 io/s,21.5 io/s,0 io/s,0 io/s,0 io/s,0 io/s,17.8 io/s,0 io/s
2026-06-04 20:20:30,0 io/s,0 io/s,0 io/s,18.3 io/s,0 io/s,0 io/s,0 io/s,0 io/s,18.9 io/s,0 io/s
2026-06-04 20:21:00,0 io/s,0 io/s,0 io/s,22.2 io/s,0 io/s,0 io/s,0 io/s,0 io/s,18.3 io/s,0 io/s
2026-06-04 20:21:30,0 io/s,0 io/s,0 io/s,22.0 io/s,0 io/s,0 io/s,0 io/s,0 io/s,17.9 io/s,0 io/s
2026-06-04 20:22:00,0 io/s,0 io/s,0 io/s,24.5 io/s,0 io/s,0 io/s,0 io/s,0 io/s,16.4 io/s,0 io/s
2026-06-04 20:22:30,0 io/s,0 io/s,0 io/s,20.3 io/s,0 io/s,0 io/s,0 io/s,0 io/s,16.0 io/s,0 io/s
2026-06-04 20:23:00,0 io/s,0 io/s,0 io/s,18.6 io/s,0 io/s,0 io/s,0 io/s,0 io/s,15.9 io/s,0 io/s
2026-06-04 20:23:30,0 io/s,0 io/s,0 io/s,18.8 io/s,0 io/s,0 io/s,0 io/s,0 io/s,16.8 io/s,0 io/s
2026-06-04 20:24:00,0 io/s,0 io/s,0 io/s,22.9 io/s,0 io/s,0 io/s,0 io/s,0 io/s,17.8 io/s,0 io/s
2026-06-04 20:24:30,0 io/s,0 io/s,0 io/s,23.2 io/s,0 io/s,0 io/s,0 io/s,0 io/s,18.4 io/s,0 io/s
2026-06-04 20:25:00,0 io/s,0 io/s,0 io/s,18.4 io/s,0 io/s,0 io/s,0 io/s,0 io/s,18.9 io/s,0 io/s
2026-06-04 20:25:30,0 io/s,0 io/s,0 io/s,19.0 io/s,0 io/s,0 io/s,0 io/s,0 io/s,18.9 io/s,0 io/s
2026-06-04 20:26:00,0 io/s,0 io/s,0 io/s,14.5 io/s,0 io/s,0 io/s,0 io/s,0 io/s,21.4 io/s,0 io/s
2026-06-04 20:26:30,0 io/s,0 io/s,0 io/s,10.4 io/s,0 io/s,0 io/s,0 io/s,0 io/s,20.4 io/s,0 io/s
2026-06-04 20:27:00,0 io/s,0 io/s,0 io/s,1.27 io/s,0 io/s,0 io/s,0 io/s,0 io/s,19.8 io/s,0 io/s
2026-06-04 20:27:30,0 io/s,0 io/s,0 io/s,0.0333 io/s,0 io/s,0 io/s,0 io/s,0 io/s,16.1 io/s,0 io/s
2026-06-04 20:28:00,0 io/s,0 io/s,0 io/s,0.711 io/s,0 io/s,0 io/s,0 io/s,0 io/s,16.4 io/s,0 io/s
2026-06-04 20:28:30,0 io/s,0 io/s,0 io/s,0.700 io/s,0 io/s,0 io/s,0 io/s,0 io/s,16.4 io/s,0 io/s
2026-06-04 20:29:00,0 io/s,0 io/s,0 io/s,0.722 io/s,0 io/s,0 io/s,0 io/s,0 io/s,18.2 io/s,0 io/s
2026-06-04 20:29:30,0 io/s,0 io/s,0 io/s,0.0667 io/s,0 io/s,0 io/s,0 io/s,0 io/s,17.9 io/s,0 io/s
2026-06-04 20:30:00,0 io/s,0 io/s,0 io/s,0.0556 io/s,0 io/s,0 io/s,0 io/s,0 io/s,22.9 io/s,0 io/s
2026-06-04 20:30:30,0 io/s,0 io/s,0 io/s,0.100 io/s,0 io/s,0 io/s,0 io/s,0 io/s,21.9 io/s,0 io/s
2026-06-04 20:31:00,0 io/s,0 io/s,0 io/s,0.100 io/s,0 io/s,0 io/s,0 io/s,0 io/s,22.0 io/s,0 io/s
2026-06-04 20:31:30,0 io/s,0 io/s,0 io/s,0.100 io/s,0 io/s,0 io/s,0 io/s,0 io/s,17.0 io/s,0 io/s
2026-06-04 20:32:00,0 io/s,0 io/s,0 io/s,0.0333 io/s,0 io/s,0 io/s,0 io/s,0 io/s,16.4 io/s,0 io/s
2026-06-04 20:32:30,0 io/s,0 io/s,0 io/s,0.0889 io/s,0 io/s,0 io/s,0 io/s,0 io/s,16.4 io/s,0 io/s
2026-06-04 20:33:00,0 io/s,0 io/s,0 io/s,0.0778 io/s,0 io/s,0 io/s,0 io/s,0 io/s,15.3 io/s,0 io/s
2026-06-04 20:33:30,0 io/s,0 io/s,0 io/s,0.0778 io/s,0 io/s,0 io/s,0 io/s,0 io/s,15.5 io/s,0 io/s
2026-06-04 20:34:00,0 io/s,0 io/s,0 io/s,0 io/s,0 io/s,0 io/s,0 io/s,0 io/s,15.7 io/s,0 io/s
2026-06-04 20:34:30,0 io/s,0 io/s,0 io/s,0 io/s,0 io/s,0 io/s,0 io/s,0 io/s,16.6 io/s,0 io/s
2026-06-04 20:35:00,0 io/s,0 io/s,0 io/s,0 io/s,0 io/s,0 io/s,0 io/s,0 io/s,16.9 io/s,0 io/s
2026-06-04 20:35:30,0 io/s,0 io/s,0 io/s,0.0667 io/s,0 io/s,0 io/s,0 io/s,0 io/s,16.5 io/s,0 io/s
2026-06-04 20:36:00,0 io/s,0 io/s,0 io/s,0.0667 io/s,0 io/s,0 io/s,0 io/s,0 io/s,16.6 io/s,0 io/s
2026-06-04 20:36:30,0 io/s,0 io/s,0 io/s,0.0667 io/s,0 io/s,0 io/s,0 io/s,0 io/s,16.3 io/s,0 io/s
2026-06-04 20:37:00,0 io/s,0 io/s,0 io/s,0.0333 io/s,0 io/s,0 io/s,0 io/s,0 io/s,16.7 io/s,0 io/s
2026-06-04 20:37:30,0 io/s,0 io/s,0 io/s,0.0333 io/s,0 io/s,0 io/s,0 io/s,0 io/s,16.2 io/s,0 io/s
2026-06-04 20:38:00,0 io/s,0 io/s,0 io/s,0.0444 io/s,0 io/s,0 io/s,0 io/s,0 io/s,16.1 io/s,0 io/s
2026-06-04 20:38:30,0 io/s,0 io/s,0 io/s,0.0222 io/s,0 io/s,0 io/s,0 io/s,0 io/s,16.2 io/s,0 io/s
2026-06-04 20:39:00,0 io/s,0 io/s,0 io/s,0.0222 io/s,0 io/s,0 io/s,0 io/s,0 io/s,16.2 io/s,0 io/s
2026-06-04 20:39:30,0 io/s,0 io/s,0 io/s,0.0111 io/s,0 io/s,0 io/s,0 io/s,0 io/s,15.8 io/s,0 io/s
2026-06-04 20:40:00,0 io/s,0 io/s,0 io/s,0.0778 io/s,0 io/s,0 io/s,0 io/s,0 io/s,15.3 io/s,0 io/s
2026-06-04 20:40:30,0 io/s,0 io/s,0 io/s,0.100 io/s,0 io/s,0 io/s,0 io/s,0 io/s,16.3 io/s,0 io/s
2026-06-04 20:41:00,0 io/s,0 io/s,0 io/s,0.100 io/s,0 io/s,0 io/s,0 io/s,0 io/s,16.9 io/s,0 io/s
2026-06-04 20:41:30,0 io/s,0 io/s,0 io/s,0.0222 io/s,0 io/s,0 io/s,0 io/s,0 io/s,17.2 io/s,0 io/s
2026-06-04 20:42:00,0 io/s,0 io/s,0 io/s,0.0222 io/s,0 io/s,0 io/s,0 io/s,0 io/s,16.9 io/s,0 io/s
2026-06-04 20:42:30,0 io/s,0 io/s,0 io/s,0.0556 io/s,0 io/s,0 io/s,0 io/s,0 io/s,16.5 io/s,0 io/s
2026-06-04 20:43:00,0 io/s,0 io/s,0 io/s,0.0667 io/s,0 io/s,0 io/s,0 io/s,0 io/s,16.1 io/s,0 io/s
2026-06-04 20:43:30,0 io/s,0 io/s,0 io/s,0.0444 io/s,0 io/s,0 io/s,0 io/s,0 io/s,16.3 io/s,0 io/s
2026-06-04 20:44:00,0 io/s,0 io/s,0 io/s,0.0333 io/s,0 io/s,0 io/s,0 io/s,0 io/s,16.5 io/s,0 io/s
2026-06-04 20:44:30,0 io/s,0 io/s,0 io/s,0.0222 io/s,0 io/s,0 io/s,0 io/s,0 io/s,16.7 io/s,0 io/s
2026-06-04 20:45:00,0 io/s,0 io/s,0 io/s,0.0222 io/s,0 io/s,0 io/s,0 io/s,0 io/s,16.5 io/s,0 io/s
2026-06-04 20:45:30,0 io/s,0 io/s,0 io/s,0 io/s,0 io/s,0 io/s,0 io/s,0 io/s,17.3 io/s,0 io/s
2026-06-04 20:46:00,0 io/s,0 io/s,0 io/s,0.0111 io/s,0 io/s,0 io/s,0 io/s,0 io/s,17.8 io/s,0 io/s
2026-06-04 20:46:30,0 io/s,0 io/s,0 io/s,0.0222 io/s,0 io/s,0 io/s,0 io/s,0 io/s,22.6 io/s,0 io/s
2026-06-04 20:47:00,0 io/s,0 io/s,0 io/s,0.0222 io/s,0 io/s,0 io/s,0 io/s,0 io/s,22.0 io/s,0 io/s
2026-06-04 20:47:30,0 io/s,0 io/s,0 io/s,0.0111 io/s,0 io/s,0 io/s,0 io/s,0 io/s,21.6 io/s,0 io/s
2026-06-04 20:48:00,0 io/s,0 io/s,0 io/s,0 io/s,0 io/s,0 io/s,0 io/s,0 io/s,16.2 io/s,0 io/s
2026-06-04 20:48:30,0 io/s,0 io/s,0 io/s,0 io/s,0 io/s,0 io/s,0 io/s,0 io/s,16.3 io/s,0 io/s
2026-06-04 20:49:00,0 io/s,0 io/s,0 io/s,0 io/s,0 io/s,0 io/s,0 io/s,0 io/s,16.0 io/s,0 io/s
2026-06-04 20:49:30,0 io/s,0 io/s,0 io/s,0 io/s,0 io/s,0 io/s,0 io/s,0 io/s,16.7 io/s,0 io/s
2026-06-04 20:50:00,0 io/s,0 io/s,0 io/s,0 io/s,0 io/s,0 io/s,0 io/s,0 io/s,16.4 io/s,0 io/s
2026-06-04 20:50:30,0 io/s,0 io/s,0 io/s,0 io/s,0 io/s,0 io/s,0 io/s,0 io/s,17.3 io/s,0 io/s
2026-06-04 20:51:00,0 io/s,0 io/s,0 io/s,0.0111 io/s,0 io/s,0 io/s,0 io/s,0 io/s,16.8 io/s,0 io/s
2026-06-04 20:51:30,0 io/s,0 io/s,0 io/s,0.0333 io/s,0 io/s,0 io/s,0 io/s,0 io/s,16.9 io/s,0 io/s
2026-06-04 20:52:00,0 io/s,0 io/s,0 io/s,0.0333 io/s,0 io/s,0 io/s,0 io/s,0 io/s,16.6 io/s,0 io/s
2026-06-04 20:52:30,0 io/s,0 io/s,0 io/s,0.0222 io/s,0 io/s,0 io/s,0 io/s,0 io/s,16.9 io/s,0 io/s
2026-06-04 20:53:00,0 io/s,0 io/s,0 io/s,0 io/s,0 io/s,0 io/s,0 io/s,0 io/s,17.3 io/s,0 io/s
2026-06-04 20:53:30,0 io/s,0 io/s,0 io/s,0 io/s,0 io/s,0 io/s,0 io/s,0 io/s,16.8 io/s,0 io/s
2026-06-04 20:54:00,0 io/s,0 io/s,0 io/s,0.0111 io/s,0 io/s,0 io/s,0 io/s,0 io/s,16.6 io/s,0 io/s
2026-06-04 20:54:30,0 io/s,0 io/s,0 io/s,0.0333 io/s,0 io/s,0 io/s,0 io/s,0 io/s,16.3 io/s,0 io/s
2026-06-04 20:55:00,0 io/s,0 io/s,0 io/s,0.0333 io/s,0 io/s,0 io/s,0 io/s,0 io/s,16.9 io/s,0 io/s
2026-06-04 20:55:30,0 io/s,0 io/s,0 io/s,0.0222 io/s,0 io/s,0 io/s,0 io/s,0 io/s,17.1 io/s,0 io/s
2026-06-04 20:56:00,0 io/s,0 io/s,0 io/s,0.0222 io/s,0 io/s,0 io/s,0 io/s,0 io/s,16.4 io/s,0 io/s
2026-06-04 20:56:30,0 io/s,0 io/s,0 io/s,0.0222 io/s,0 io/s,0 io/s,0 io/s,0 io/s,15.1 io/s,0 io/s
2026-06-04 20:57:00,0 io/s,0 io/s,0 io/s,0.0222 io/s,0 io/s,0 io/s,0 io/s,0 io/s,14.5 io/s,0 io/s
2026-06-04 20:57:30,0 io/s,0 io/s,0 io/s,0 io/s,0 io/s,0 io/s,0 io/s,0 io/s,15.2 io/s,0 io/s
2026-06-04 20:58:00,0 io/s,0 io/s,0 io/s,0 io/s,0 io/s,0 io/s,0 io/s,0 io/s,16.1 io/s,0 io/s
2026-06-04 20:58:30,0 io/s,0 io/s,0 io/s,0 io/s,0 io/s,0 io/s,0 io/s,0 io/s,16.5 io/s,0 io/s
2026-06-04 20:59:00,0 io/s,0 io/s,0 io/s,0 io/s,0 io/s,0 io/s,0 io/s,0 io/s,16.2 io/s,0 io/s
2026-06-04 20:59:30,0 io/s,0 io/s,0 io/s,0 io/s,0 io/s,0 io/s,0 io/s,0 io/s,15.7 io/s,0 io/s
2026-06-04 21:00:00,0 io/s,0 io/s,0 io/s,0.0111 io/s,0 io/s,0 io/s,0 io/s,0 io/s,17.4 io/s,0 io/s
2026-06-04 21:00:30,0 io/s,0 io/s,0 io/s,0.611 io/s,0 io/s,0 io/s,0 io/s,0 io/s,18.9 io/s,0 io/s
2026-06-04 21:01:00,0 io/s,0 io/s,0 io/s,0.611 io/s,0 io/s,0 io/s,0 io/s,0 io/s,19.2 io/s,0 io/s
2026-06-04 21:01:30,0 io/s,0 io/s,0 io/s,0.600 io/s,0 io/s,0 io/s,0 io/s,0 io/s,17.6 io/s,0 io/s
2026-06-04 21:02:00,0 io/s,0 io/s,0 io/s,0 io/s,0 io/s,0 io/s,0 io/s,0 io/s,16.7 io/s,0 io/s
2026-06-04 21:02:30,0 io/s,0 io/s,0 io/s,0.0111 io/s,0 io/s,0 io/s,0 io/s,0 io/s,17.6 io/s,0 io/s
2026-06-04 21:03:00,0 io/s,0 io/s,0 io/s,0.0222 io/s,0 io/s,0 io/s,0 io/s,0 io/s,23.1 io/s,0 io/s
2026-06-04 21:03:30,0 io/s,0 io/s,0 io/s,0.0222 io/s,0 io/s,0 io/s,0 io/s,0 io/s,23.2 io/s,0 io/s
2026-06-04 21:04:00,0 io/s,0 io/s,0 io/s,0.0444 io/s,0 io/s,0 io/s,0 io/s,0 io/s,22.5 io/s,0 io/s
2026-06-04 21:04:30,0 io/s,0 io/s,0 io/s,0.167 io/s,0 io/s,0 io/s,0 io/s,0 io/s,17.2 io/s,0 io/s
2026-06-04 21:05:00,0 io/s,0 io/s,0 io/s,0.178 io/s,0 io/s,0 io/s,0 io/s,0 io/s,16.9 io/s,0 io/s
2026-06-04 21:05:30,0 io/s,0 io/s,0 io/s,0.144 io/s,0 io/s,0 io/s,0 io/s,0 io/s,16.6 io/s,0 io/s
2026-06-04 21:06:00,0 io/s,0 io/s,0 io/s,0.0556 io/s,0 io/s,0 io/s,0 io/s,0 io/s,16.4 io/s,0 io/s
2026-06-04 21:06:30,0 io/s,0 io/s,0 io/s,0.0444 io/s,0 io/s,0 io/s,0 io/s,0 io/s,16.2 io/s,0 io/s
2026-06-04 21:07:00,0 io/s,0 io/s,0 io/s,0.0444 io/s,0 io/s,0 io/s,0 io/s,0 io/s,16.6 io/s,0 io/s
2026-06-04 21:07:30,0 io/s,0 io/s,0 io/s,0 io/s,0 io/s,0 io/s,0 io/s,0 io/s,16.8 io/s,0 io/s
2026-06-04 21:08:00,0 io/s,0 io/s,0 io/s,0 io/s,0 io/s,0 io/s,0 io/s,0 io/s,16.7 io/s,0 io/s
2026-06-04 21:08:30,0 io/s,0 io/s,0 io/s,0 io/s,0 io/s,0 io/s,0 io/s,0 io/s,16.5 io/s,0 io/s
2026-06-04 21:09:00,0 io/s,0 io/s,0 io/s,0.0222 io/s,0 io/s,0 io/s,0 io/s,0 io/s,16.4 io/s,0 io/s
2026-06-04 21:09:30,0 io/s,0 io/s,0 io/s,0.0222 io/s,0 io/s,0 io/s,0 io/s,0 io/s,16.2 io/s,0 io/s
2026-06-04 21:10:00,0 io/s,0 io/s,0 io/s,0.0333 io/s,0 io/s,0 io/s,0 io/s,0 io/s,16.5 io/s,0 io/s
2026-06-04 21:10:30,0 io/s,0 io/s,0 io/s,0.0111 io/s,0 io/s,0 io/s,0 io/s,0 io/s,17.1 io/s,0 io/s
2026-06-04 21:11:00,0 io/s,0 io/s,0 io/s,0.0111 io/s,0 io/s,0 io/s,0 io/s,0 io/s,16.8 io/s,0 io/s
2026-06-04 21:11:30,0 io/s,0 io/s,0 io/s,0 io/s,0 io/s,0 io/s,0 io/s,0 io/s,16.3 io/s,0 io/s
2026-06-04 21:12:00,0 io/s,0 io/s,0 io/s,0.0111 io/s,0 io/s,0 io/s,0 io/s,0 io/s,15.6 io/s,0 io/s
2026-06-04 21:12:30,0 io/s,0 io/s,0 io/s,0.0111 io/s,0 io/s,0 io/s,0 io/s,0 io/s,15.8 io/s,0 io/s
2026-06-04 21:13:00,0 io/s,0 io/s,0 io/s,0.0111 io/s,0 io/s,0 io/s,0 io/s,0 io/s,15.7 io/s,0 io/s
2026-06-04 21:13:30,0 io/s,0 io/s,0 io/s,0 io/s,0 io/s,0 io/s,0 io/s,0 io/s,16.0 io/s,0 io/s
2026-06-04 21:14:00,0 io/s,0 io/s,0 io/s,0 io/s,0 io/s,0 io/s,0 io/s,0 io/s,16.2 io/s,0 io/s
2026-06-04 21:14:30,0 io/s,0 io/s,0 io/s,0 io/s,0 io/s,0 io/s,0 io/s,0 io/s,16.1 io/s,0 io/s
2026-06-04 21:15:00,0 io/s,0 io/s,0 io/s,0 io/s,0 io/s,0 io/s,0 io/s,0 io/s,15.0 io/s,0 io/s
2026-06-04 21:15:30,0 io/s,0 io/s,0 io/s,0.411 io/s,0 io/s,0 io/s,0 io/s,0 io/s,14.0 io/s,0 io/s
2026-06-04 21:16:00,0 io/s,0 io/s,0 io/s,0.411 io/s,0 io/s,0 io/s,0 io/s,0 io/s,14.2 io/s,0 io/s
2026-06-04 21:16:30,0 io/s,0 io/s,0 io/s,0.411 io/s,0 io/s,0 io/s,0 io/s,0 io/s,15.2 io/s,0 io/s
2026-06-04 21:17:00,0 io/s,0 io/s,0 io/s,0.0222 io/s,0 io/s,0 io/s,0 io/s,0 io/s,16.1 io/s,0 io/s
2026-06-04 21:17:30,0 io/s,0 io/s,0 io/s,0.0222 io/s,0 io/s,0 io/s,0 io/s,0 io/s,16.6 io/s,0 io/s
2026-06-04 21:18:00,0 io/s,0 io/s,0 io/s,0.0778 io/s,0 io/s,0 io/s,0 io/s,0 io/s,16.6 io/s,0 io/s
2026-06-04 21:18:30,0 io/s,0 io/s,0 io/s,0.0556 io/s,0 io/s,0 io/s,0 io/s,0 io/s,16.7 io/s,0 io/s
2026-06-04 21:19:00,0 io/s,0 io/s,0 io/s,2.48 io/s,0 io/s,0 io/s,0 io/s,0 io/s,17.7 io/s,0 io/s
2026-06-04 21:19:30,0 io/s,0 io/s,0 io/s,2.49 io/s,0 io/s,0 io/s,0 io/s,0 io/s,17.9 io/s,0 io/s
2026-06-04 21:20:00,0 io/s,0 io/s,0 io/s,2.50 io/s,0 io/s,0 io/s,0 io/s,0 io/s,25.4 io/s,0 io/s
2026-06-04 21:20:30,0 io/s,0 io/s,0 io/s,0.122 io/s,0 io/s,0 io/s,0 io/s,0 io/s,24.5 io/s,0 io/s
2026-06-04 21:21:00,0 io/s,0 io/s,0 io/s,0.0667 io/s,0 io/s,0 io/s,0 io/s,0 io/s,24.5 io/s,0 io/s
2026-06-04 21:21:30,0 io/s,0 io/s,0 io/s,0.0556 io/s,0 io/s,0 io/s,0 io/s,0 io/s,17.1 io/s,0 io/s
2026-06-04 21:22:00,0 io/s,0 io/s,0 io/s,0.0667 io/s,0 io/s,0 io/s,0 io/s,0 io/s,16.9 io/s,0 io/s
2026-06-04 21:22:30,0 io/s,0 io/s,0 io/s,0.0667 io/s,0 io/s,0 io/s,0 io/s,0 io/s,17.5 io/s,0 io/s
2026-06-04 21:23:00,0 io/s,0 io/s,0 io/s,0.0667 io/s,0 io/s,0 io/s,0 io/s,0 io/s,17.4 io/s,0 io/s
2026-06-04 21:23:30,0 io/s,0 io/s,0 io/s,0.0111 io/s,0 io/s,0 io/s,0 io/s,0 io/s,17.2 io/s,0 io/s
2026-06-04 21:24:00,0 io/s,0 io/s,0 io/s,0 io/s,0 io/s,0 io/s,0 io/s,0 io/s,15.7 io/s,0 io/s
2026-06-04 21:24:30,0 io/s,0 io/s,0 io/s,0 io/s,0 io/s,0 io/s,0 io/s,0 io/s,16.1 io/s,0 io/s
2026-06-04 21:25:00,0 io/s,0 io/s,0 io/s,0 io/s,0 io/s,0 io/s,0 io/s,0 io/s,17.0 io/s,0 io/s
2026-06-04 21:25:30,0 io/s,0 io/s,0 io/s,0.111 io/s,0 io/s,0 io/s,0 io/s,0 io/s,17.7 io/s,0 io/s